-- phpMyAdmin SQL Dump
-- version 4.8.3
-- https://www.phpmyadmin.net/
--
-- Host: 127.0.0.1
-- Generation Time: Feb 26, 2019 at 11:36 AM
-- Server version: 10.1.37-MariaDB
-- PHP Version: 7.2.12

SET SQL_MODE = "NO_AUTO_VALUE_ON_ZERO";
SET AUTOCOMMIT = 0;
START TRANSACTION;
SET time_zone = "+00:00";


/*!40101 SET @OLD_CHARACTER_SET_CLIENT=@@CHARACTER_SET_CLIENT */;
/*!40101 SET @OLD_CHARACTER_SET_RESULTS=@@CHARACTER_SET_RESULTS */;
/*!40101 SET @OLD_COLLATION_CONNECTION=@@COLLATION_CONNECTION */;
/*!40101 SET NAMES utf8mb4 */;

--
-- Database: `foodassignment`
--

-- --------------------------------------------------------

--
-- Table structure for table `categories`
--

CREATE TABLE `categories` (
  `categoryid` int(10) UNSIGNED NOT NULL,
  `categoryName` varchar(191) COLLATE utf8mb4_unicode_ci NOT NULL,
  `created_at` timestamp NULL DEFAULT NULL,
  `updated_at` timestamp NULL DEFAULT NULL
) ENGINE=InnoDB DEFAULT CHARSET=utf8mb4 COLLATE=utf8mb4_unicode_ci;

--
-- Dumping data for table `categories`
--

INSERT INTO `categories` (`categoryid`, `categoryName`, `created_at`, `updated_at`) VALUES
(1, 'mexican', '2018-12-17 08:15:44', '2018-12-17 08:15:44'),
(3, 'Chinese', '2019-02-07 14:32:34', '2019-02-07 14:32:34'),
(4, 'Ainu', '2019-02-15 16:53:27', '2019-02-15 16:53:27'),
(5, 'Albanian	', '2019-02-15 16:53:37', '2019-02-15 16:53:37'),
(6, 'Argentina	', '2019-02-15 16:53:37', '2019-02-15 16:53:37'),
(7, 'Andhra	', '2019-02-15 16:53:37', '2019-02-15 16:53:37'),
(8, 'Anglo-Indian	', '2019-02-15 16:53:37', '2019-02-15 16:53:37'),
(9, 'Arab	', '2019-02-15 16:53:37', '2019-02-15 16:53:37'),
(10, 'Armenian	', '2019-02-15 16:53:37', '2019-02-15 16:53:37'),
(11, 'Assyrian	', '2019-02-15 16:53:37', '2019-02-15 16:53:37'),
(12, 'Awadhi	', '2019-02-15 16:53:37', '2019-02-15 16:53:37'),
(13, 'Azerbaijani	', '2019-02-15 16:53:37', '2019-02-15 16:53:37'),
(14, 'Balochi	', '2019-02-15 16:53:37', '2019-02-15 16:53:37'),
(15, 'Belarusian	', '2019-02-15 16:53:37', '2019-02-15 16:53:37'),
(16, 'Bangladeshi	', '2019-02-15 16:53:37', '2019-02-15 16:53:37'),
(17, 'Bengali	', '2019-02-15 16:53:37', '2019-02-15 16:53:37'),
(18, 'Berber	', '2019-02-15 16:53:37', '2019-02-15 16:53:37'),
(19, 'Buddhist	', '2019-02-15 16:53:37', '2019-02-15 16:53:37'),
(20, 'Bulgarian	', '2019-02-15 16:53:37', '2019-02-15 16:53:37'),
(21, 'Cajun	', '2019-02-15 16:53:37', '2019-02-15 16:53:37'),
(22, 'Chechen	', '2019-02-15 16:53:37', '2019-02-15 16:53:37'),
(23, 'Chinese cuisine	', '2019-02-15 16:53:37', '2019-02-15 16:53:37'),
(24, 'Chinese Islamic	', '2019-02-15 16:53:37', '2019-02-15 16:53:37'),
(25, 'Circassian	', '2019-02-15 16:53:37', '2019-02-15 16:53:37'),
(26, 'Crimean Tatar	', '2019-02-15 16:53:37', '2019-02-15 16:53:37'),
(27, 'Danish	', '2019-02-15 16:53:37', '2019-02-15 16:53:37'),
(28, 'Estonian	', '2019-02-15 16:53:37', '2019-02-15 16:53:37'),
(29, 'French	', '2019-02-15 16:53:37', '2019-02-15 16:53:37'),
(30, 'Filipino	', '2019-02-15 16:53:37', '2019-02-15 16:53:37'),
(31, 'Georgian	', '2019-02-15 16:53:37', '2019-02-15 16:53:37'),
(32, 'Goan	', '2019-02-15 16:53:37', '2019-02-15 16:53:37'),
(33, 'Goan Catholic	', '2019-02-15 16:53:37', '2019-02-15 16:53:37'),
(34, 'Greek	', '2019-02-15 16:53:37', '2019-02-15 16:53:37'),
(35, 'Gujarati	', '2019-02-15 16:53:37', '2019-02-15 16:53:37'),
(36, 'Hyderabad	', '2019-02-15 16:53:37', '2019-02-15 16:53:37'),
(37, 'Indian cuisine	', '2019-02-15 16:53:37', '2019-02-15 16:53:37'),
(38, 'Indian Chinese	', '2019-02-15 16:53:37', '2019-02-15 16:53:37'),
(39, 'Indian Singaporean cuisine	', '2019-02-15 16:53:37', '2019-02-15 16:53:37'),
(40, 'Indonesian	', '2019-02-15 16:53:37', '2019-02-15 16:53:37'),
(41, 'Inuit	', '2019-02-15 16:53:37', '2019-02-15 16:53:37'),
(42, 'Italian American	', '2019-02-15 16:53:37', '2019-02-15 16:53:37'),
(43, 'Italian cuisine	', '2019-02-15 16:53:37', '2019-02-15 16:53:37'),
(44, 'Japanese	', '2019-02-15 16:53:37', '2019-02-15 16:53:37'),
(45, 'Jewish	', '2019-02-15 16:53:37', '2019-02-15 16:53:37'),
(46, 'Karnataka	', '2019-02-15 16:53:37', '2019-02-15 16:53:37'),
(47, 'Kazakh	', '2019-02-15 16:53:37', '2019-02-15 16:53:37'),
(48, 'Keralite	', '2019-02-15 16:53:37', '2019-02-15 16:53:37'),
(49, 'Korean	', '2019-02-15 16:53:37', '2019-02-15 16:53:37'),
(50, 'Kurdish	', '2019-02-15 16:53:37', '2019-02-15 16:53:37'),
(51, 'Laotian	', '2019-02-15 16:53:37', '2019-02-15 16:53:37'),
(52, 'Latvian	', '2019-02-15 16:53:37', '2019-02-15 16:53:37'),
(53, 'Lithuanian	', '2019-02-15 16:53:37', '2019-02-15 16:53:37'),
(54, 'Louisiana Creole	', '2019-02-15 16:53:37', '2019-02-15 16:53:37'),
(55, 'Maharashtrian	', '2019-02-15 16:53:37', '2019-02-15 16:53:37'),
(56, 'Mangalorean	', '2019-02-15 16:53:37', '2019-02-15 16:53:37'),
(57, 'Malay	', '2019-02-15 16:53:37', '2019-02-15 16:53:37'),
(58, 'Malaysian Chinese cuisine	', '2019-02-15 16:53:37', '2019-02-15 16:53:37'),
(59, 'Malaysian Indian cuisine	', '2019-02-15 16:53:37', '2019-02-15 16:53:37'),
(60, 'Mediterranean cuisine	', '2019-02-15 16:53:37', '2019-02-15 16:53:37'),
(61, 'Mexican	', '2019-02-15 16:53:37', '2019-02-15 16:53:37'),
(62, 'Mordovian	', '2019-02-15 16:53:37', '2019-02-15 16:53:37'),
(63, 'Mughal	', '2019-02-15 16:53:37', '2019-02-15 16:53:37'),
(64, 'Native American	', '2019-02-15 16:53:37', '2019-02-15 16:53:37'),
(65, 'Nepalese	', '2019-02-15 16:53:37', '2019-02-15 16:53:37'),
(66, 'New Mexican	', '2019-02-15 16:53:37', '2019-02-15 16:53:37'),
(67, 'Odia	', '2019-02-15 16:53:37', '2019-02-15 16:53:37'),
(68, 'Parsi	', '2019-02-15 16:53:37', '2019-02-15 16:53:37'),
(69, 'Pashtun	', '2019-02-15 16:53:37', '2019-02-15 16:53:37'),
(70, 'Polish	', '2019-02-15 16:53:37', '2019-02-15 16:53:37'),
(71, 'Pennsylvania Dutch	', '2019-02-15 16:53:37', '2019-02-15 16:53:37'),
(72, 'Pakistani	', '2019-02-15 16:53:37', '2019-02-15 16:53:37'),
(73, 'Peranakan	', '2019-02-15 16:53:37', '2019-02-15 16:53:37'),
(74, 'Persian	', '2019-02-15 16:53:37', '2019-02-15 16:53:37'),
(75, 'Peruvian	', '2019-02-15 16:53:37', '2019-02-15 16:53:37'),
(76, 'Portuguese	', '2019-02-15 16:53:37', '2019-02-15 16:53:37'),
(77, 'Punjabi	', '2019-02-15 16:53:37', '2019-02-15 16:53:37'),
(78, 'Rajasthani	', '2019-02-15 16:53:37', '2019-02-15 16:53:37'),
(79, 'Romanian	', '2019-02-15 16:53:37', '2019-02-15 16:53:37'),
(80, 'Russian	', '2019-02-15 16:53:37', '2019-02-15 16:53:37'),
(81, 'Sami	', '2019-02-15 16:53:37', '2019-02-15 16:53:37'),
(82, 'Serbian	', '2019-02-15 16:53:37', '2019-02-15 16:53:37'),
(83, 'Sindhi	', '2019-02-15 16:53:37', '2019-02-15 16:53:37'),
(84, 'Slovak	', '2019-02-15 16:53:37', '2019-02-15 16:53:37'),
(85, 'Slovenian	', '2019-02-15 16:53:37', '2019-02-15 16:53:37'),
(86, 'Somali	', '2019-02-15 16:53:37', '2019-02-15 16:53:37'),
(87, 'South Indian	', '2019-02-15 16:53:37', '2019-02-15 16:53:37'),
(88, 'Sri Lankan	', '2019-02-15 16:53:37', '2019-02-15 16:53:37'),
(89, 'Tatar	', '2019-02-15 16:53:37', '2019-02-15 16:53:37'),
(90, 'Thai	', '2019-02-15 16:53:37', '2019-02-15 16:53:37'),
(91, 'Turkish	', '2019-02-15 16:53:37', '2019-02-15 16:53:37'),
(92, 'Tamil	', '2019-02-15 16:53:37', '2019-02-15 16:53:37'),
(93, 'Udupi	', '2019-02-15 16:53:37', '2019-02-15 16:53:37'),
(94, 'krainian	', '2019-02-15 16:53:37', '2019-02-15 16:53:37'),
(95, 'Yamal	', '2019-02-15 16:53:37', '2019-02-15 16:53:37'),
(96, 'Zanzibari	', '2019-02-15 16:53:37', '2019-02-15 16:53:37'),
(97, 'English 	', '2019-02-15 16:53:37', '2019-02-15 16:53:37'),
(98, 'American 	', '2019-02-15 16:53:37', '2019-02-15 16:53:37'),
(104, 'British', '2019-02-20 13:08:36', '2019-02-20 13:08:36'),
(109, 'Spanish', '2019-02-24 16:05:56', '2019-02-24 16:05:56'),
(110, 'Moroccan', '2019-02-25 10:00:28', '2019-02-25 10:00:28'),
(111, 'Japanese', '2019-02-25 22:55:43', '2019-02-25 22:55:43'),
(112, 'Vietnamese', '2019-02-26 07:58:06', '2019-02-26 07:58:06');

-- --------------------------------------------------------

--
-- Table structure for table `code`
--

CREATE TABLE `code` (
  `code_id` int(10) UNSIGNED NOT NULL,
  `code` varchar(255) NOT NULL,
  `code_allowed` date NOT NULL,
  `updated_at` timestamp NOT NULL DEFAULT CURRENT_TIMESTAMP ON UPDATE CURRENT_TIMESTAMP,
  `created_at` timestamp NOT NULL DEFAULT '0000-00-00 00:00:00'
) ENGINE=InnoDB DEFAULT CHARSET=latin1;

--
-- Dumping data for table `code`
--

INSERT INTO `code` (`code_id`, `code`, `code_allowed`, `updated_at`, `created_at`) VALUES
(738, 'DTKhwA8Uaj', '2018-12-03', '2018-12-17 00:16:27', '2018-12-17 00:16:27'),
(739, 'dS1lsgtYou', '2018-12-10', '2018-12-17 00:16:27', '2018-12-17 00:16:27'),
(740, 'abMsHp3Svu', '2018-12-17', '2018-12-17 00:16:27', '2018-12-17 00:16:27'),
(741, 'fKTngzdOUL', '2018-12-24', '2018-12-17 00:16:27', '2018-12-17 00:16:27'),
(742, '4ekV7DvgXU', '2018-12-31', '2018-12-17 00:16:27', '2018-12-17 00:16:27'),
(743, 'ykq3UhYC4Z', '2019-01-07', '2018-12-17 00:16:27', '2018-12-17 00:16:27'),
(744, 'Mj2mgkCIRA', '2019-01-14', '2018-12-17 00:16:27', '2018-12-17 00:16:27'),
(745, 'DZupkd8jLR', '2019-01-21', '2018-12-17 00:16:27', '2018-12-17 00:16:27'),
(746, 'q6mI8O7hpr', '2019-01-28', '2018-12-17 00:16:27', '2018-12-17 00:16:27'),
(747, 'AqEidaWMtT', '2019-02-04', '2018-12-17 00:16:27', '2018-12-17 00:16:27'),
(748, 'lOWXGzuew7', '2019-02-11', '2018-12-17 00:16:27', '2018-12-17 00:16:27'),
(749, 'qahkHACtMX', '2019-02-18', '2018-12-17 00:16:27', '2018-12-17 00:16:27'),
(750, '6mUOrC57su', '2019-02-25', '2018-12-17 00:16:27', '2018-12-17 00:16:27'),
(751, 'vEwMtiz583', '2019-03-04', '2018-12-17 00:16:27', '2018-12-17 00:16:27'),
(752, 'QT9yx1Rj2A', '2019-03-11', '2018-12-17 00:16:27', '2018-12-17 00:16:27'),
(753, 'jPKoCvb5eG', '2019-03-18', '2018-12-17 00:16:27', '2018-12-17 00:16:27'),
(754, 'FPb83HfVRd', '2019-03-25', '2018-12-17 00:16:27', '2018-12-17 00:16:27'),
(755, 'QoRt7vrXVm', '2019-04-01', '2018-12-17 00:16:27', '2018-12-17 00:16:27'),
(756, 'DaoZiXzbAV', '2019-04-08', '2018-12-17 00:16:27', '2018-12-17 00:16:27'),
(757, 'wcJpNyaCkh', '2019-04-15', '2018-12-17 00:16:27', '2018-12-17 00:16:27'),
(758, 'Q0yRvpraB2', '2019-04-22', '2018-12-17 00:16:27', '2018-12-17 00:16:27'),
(759, 'Q3TN0HWA1G', '2019-04-29', '2018-12-17 00:16:27', '2018-12-17 00:16:27'),
(760, 'CEaNu53dMU', '2019-05-06', '2018-12-17 00:16:27', '2018-12-17 00:16:27'),
(761, 'WbwQoUxC6T', '2019-05-13', '2018-12-17 00:16:27', '2018-12-17 00:16:27'),
(762, 'YJocn87WML', '2019-05-20', '2018-12-17 00:16:27', '2018-12-17 00:16:27'),
(763, 'k7yKJHXr5b', '2019-05-27', '2018-12-17 00:16:27', '2018-12-17 00:16:27'),
(764, '6NUZ2dT3J5', '2019-06-03', '2018-12-17 00:16:27', '2018-12-17 00:16:27'),
(765, 'ELAqm1iK2d', '2019-06-10', '2018-12-17 00:16:27', '2018-12-17 00:16:27'),
(766, 'StZM5uGmUb', '2019-06-17', '2018-12-17 00:16:27', '2018-12-17 00:16:27'),
(767, 'qhFDmisgNv', '2019-06-24', '2018-12-17 00:16:27', '2018-12-17 00:16:27'),
(768, 'fHAFunoPSy', '2019-07-01', '2018-12-17 00:16:27', '2018-12-17 00:16:27'),
(769, 'qk3QMcHoLI', '2019-07-08', '2018-12-17 00:16:27', '2018-12-17 00:16:27'),
(770, 'YqVHUuy8sm', '2019-07-15', '2018-12-17 00:16:27', '2018-12-17 00:16:27'),
(771, 'QlVIMytP0O', '2019-07-22', '2018-12-17 00:16:27', '2018-12-17 00:16:27'),
(772, 'JQy5Fa3plN', '2019-07-29', '2018-12-17 00:16:27', '2018-12-17 00:16:27'),
(773, 'WEbrAh4GBe', '2019-08-05', '2018-12-17 00:16:27', '2018-12-17 00:16:27'),
(774, 'uwEMUVXtC1', '2019-08-12', '2018-12-17 00:16:27', '2018-12-17 00:16:27'),
(775, 'F9v8Deskj3', '2019-08-19', '2018-12-17 00:16:27', '2018-12-17 00:16:27'),
(776, 'NlA6TGbLeU', '2019-08-26', '2018-12-17 00:16:27', '2018-12-17 00:16:27'),
(777, '4qbPg6GQAk', '2019-09-02', '2018-12-17 00:16:27', '2018-12-17 00:16:27'),
(778, 'GPfvJRgpEt', '2019-09-09', '2018-12-17 00:16:27', '2018-12-17 00:16:27'),
(779, 'H3urnmbYAq', '2019-09-16', '2018-12-17 00:16:27', '2018-12-17 00:16:27'),
(780, 'H6xQrCNh0D', '2019-09-23', '2018-12-17 00:16:27', '2018-12-17 00:16:27'),
(781, '1syGYR0MVo', '2019-09-30', '2018-12-17 00:16:27', '2018-12-17 00:16:27'),
(782, 'hAJRNysQV5', '2019-10-07', '2018-12-17 00:16:27', '2018-12-17 00:16:27'),
(783, 'Nij2gQ4xfL', '2019-10-14', '2018-12-17 00:16:27', '2018-12-17 00:16:27'),
(784, '6phNHPqT1A', '2019-10-21', '2018-12-17 00:16:27', '2018-12-17 00:16:27'),
(785, 'NQWaCrSz8A', '2019-10-28', '2018-12-17 00:16:27', '2018-12-17 00:16:27'),
(786, 'dV8tn2ye6E', '2019-11-04', '2018-12-17 00:16:27', '2018-12-17 00:16:27'),
(787, 'JPYWeQxazH', '2019-11-11', '2018-12-17 00:16:27', '2018-12-17 00:16:27'),
(788, 'Y1ISC53Esc', '2019-11-18', '2018-12-17 00:16:27', '2018-12-17 00:16:27'),
(789, 'b7UqAgDvlz', '2019-11-25', '2018-12-17 00:16:27', '2018-12-17 00:16:27'),
(790, '1OnRyBAVDi', '2019-12-02', '2018-12-17 00:16:27', '2018-12-17 00:16:27'),
(791, '5TEvJWSzkG', '2019-12-09', '2018-12-17 00:16:27', '2018-12-17 00:16:27'),
(792, 'ZCmc3dIeaB', '2019-12-16', '2018-12-17 00:16:27', '2018-12-17 00:16:27'),
(793, 'MkFSfK6sm7', '2019-12-23', '2018-12-17 00:16:27', '2018-12-17 00:16:27'),
(794, 'I5fOBp7JDN', '2019-12-30', '2018-12-17 00:16:27', '2018-12-17 00:16:27'),
(795, 'bMdLGHquJF', '2020-01-06', '2018-12-17 00:16:27', '2018-12-17 00:16:27'),
(796, 'YAp83waIDH', '2020-01-13', '2018-12-17 00:16:27', '2018-12-17 00:16:27'),
(797, 'Z0zOAvdGaS', '2020-01-20', '2018-12-17 00:16:27', '2018-12-17 00:16:27'),
(798, 'zrsYn24mdq', '2020-01-27', '2018-12-17 00:16:27', '2018-12-17 00:16:27'),
(799, 'Gmko6enbdJ', '2020-02-03', '2018-12-17 00:16:27', '2018-12-17 00:16:27'),
(800, '5I6lXbh7jm', '2020-02-10', '2018-12-17 00:16:27', '2018-12-17 00:16:27'),
(801, 'W63s0xroi5', '2020-02-17', '2018-12-17 00:16:27', '2018-12-17 00:16:27'),
(802, 'CTlFokeGpj', '2020-02-24', '2018-12-17 00:16:27', '2018-12-17 00:16:27'),
(803, 'tR6olHB15b', '2020-03-02', '2018-12-17 00:16:27', '2018-12-17 00:16:27'),
(804, 'CaEs0ekSuD', '2020-03-09', '2018-12-17 00:16:27', '2018-12-17 00:16:27'),
(805, '9MRm7AUP0g', '2020-03-16', '2018-12-17 00:16:27', '2018-12-17 00:16:27'),
(806, 'W7DkRbv16A', '2020-03-23', '2018-12-17 00:16:27', '2018-12-17 00:16:27'),
(807, 'iOJV9LwvIA', '2020-03-30', '2018-12-17 00:16:27', '2018-12-17 00:16:27'),
(808, 'mLctTF1nwd', '2020-04-06', '2018-12-17 00:16:27', '2018-12-17 00:16:27'),
(809, '2qYo6yjgHa', '2020-04-13', '2018-12-17 00:16:27', '2018-12-17 00:16:27'),
(810, 'zPhBYCLf7W', '2020-04-20', '2018-12-17 00:16:27', '2018-12-17 00:16:27'),
(811, '8tleYXdBo0', '2020-04-27', '2018-12-17 00:16:27', '2018-12-17 00:16:27'),
(812, 'TIpe0N4x8Z', '2020-05-04', '2018-12-17 00:16:27', '2018-12-17 00:16:27'),
(813, 'gPR7fhaLnT', '2020-05-11', '2018-12-17 00:16:27', '2018-12-17 00:16:27'),
(814, 'BCzQ7U03q1', '2020-05-18', '2018-12-17 00:16:27', '2018-12-17 00:16:27'),
(815, '2mcuK8VEUq', '2020-05-25', '2018-12-17 00:16:27', '2018-12-17 00:16:27'),
(816, 'Tt3C58d1HS', '2020-06-01', '2018-12-17 00:16:27', '2018-12-17 00:16:27'),
(817, 'Yr7nJef6FW', '2020-06-08', '2018-12-17 00:16:27', '2018-12-17 00:16:27'),
(818, 'T5yLcOtlPE', '2020-06-15', '2018-12-17 00:16:27', '2018-12-17 00:16:27'),
(819, 'r0dDePCR7X', '2020-06-22', '2018-12-17 00:16:27', '2018-12-17 00:16:27'),
(820, 'NlsAqVhWDy', '2020-06-29', '2018-12-17 00:16:27', '2018-12-17 00:16:27'),
(821, 'IE2cgJoAWi', '2020-07-06', '2018-12-17 00:16:27', '2018-12-17 00:16:27'),
(822, 'ea1g3wtB5A', '2020-07-13', '2018-12-17 00:16:27', '2018-12-17 00:16:27'),
(823, 'uWCLgvFlOJ', '2020-07-20', '2018-12-17 00:16:27', '2018-12-17 00:16:27'),
(824, 'EX5Gp1xaAH', '2020-07-27', '2018-12-17 00:16:27', '2018-12-17 00:16:27'),
(825, '3bBRxDsEne', '2020-08-03', '2018-12-17 00:16:27', '2018-12-17 00:16:27'),
(826, 'fu5NRnxwys', '2020-08-10', '2018-12-17 00:16:27', '2018-12-17 00:16:27'),
(827, 'UMl5s0ALzG', '2020-08-17', '2018-12-17 00:16:27', '2018-12-17 00:16:27'),
(828, 't1EDc9vGWb', '2020-08-24', '2018-12-17 00:16:27', '2018-12-17 00:16:27'),
(829, '4SNRAOEzIK', '2020-08-31', '2018-12-17 00:16:27', '2018-12-17 00:16:27'),
(830, 'pqZNzumXbc', '2020-09-07', '2018-12-17 00:16:27', '2018-12-17 00:16:27'),
(831, '8idcmHhbOA', '2020-09-14', '2018-12-17 00:16:27', '2018-12-17 00:16:27'),
(832, 'nWS5k2ChGs', '2020-09-21', '2018-12-17 00:16:27', '2018-12-17 00:16:27'),
(833, 'QFtYTmpW1N', '2020-09-28', '2018-12-17 00:16:27', '2018-12-17 00:16:27'),
(834, '67Z9TD3WP0', '2020-10-05', '2018-12-17 00:16:27', '2018-12-17 00:16:27'),
(835, 'jWlOYDL2Nh', '2020-10-12', '2018-12-17 00:16:27', '2018-12-17 00:16:27'),
(836, 'A9RZyWKxwT', '2020-10-19', '2018-12-17 00:16:27', '2018-12-17 00:16:27'),
(837, 'gEcJD6OVIK', '2020-10-26', '2018-12-17 00:16:27', '2018-12-17 00:16:27'),
(838, 'oVMcNijytv', '2020-11-02', '2018-12-17 00:16:27', '2018-12-17 00:16:27'),
(839, 'xIfuYbyiHk', '2020-11-09', '2018-12-17 00:16:27', '2018-12-17 00:16:27'),
(840, 'YVONSWxs5k', '2020-11-16', '2018-12-17 00:16:27', '2018-12-17 00:16:27'),
(841, 'cCupa2qkGL', '2020-11-23', '2018-12-17 00:16:27', '2018-12-17 00:16:27'),
(842, '4gy7ARlfo1', '2020-11-30', '2018-12-17 00:16:27', '2018-12-17 00:16:27'),
(843, 'o3yOsSrVeY', '2020-12-07', '2018-12-17 00:16:27', '2018-12-17 00:16:27'),
(844, 'jkgAURi9nK', '2020-12-14', '2018-12-17 00:16:27', '2018-12-17 00:16:27'),
(845, 'cZ2hl798bD', '2020-12-21', '2018-12-17 00:16:27', '2018-12-17 00:16:27'),
(846, 'c7SXAK5vYy', '2020-12-28', '2018-12-17 00:16:27', '2018-12-17 00:16:27'),
(847, 'qlRsjiBhYU', '2021-01-04', '2018-12-17 00:16:27', '2018-12-17 00:16:27'),
(848, '9OAldM7B6F', '2021-01-11', '2018-12-17 00:16:27', '2018-12-17 00:16:27'),
(849, 'Oome74RlUi', '2021-01-18', '2018-12-17 00:16:27', '2018-12-17 00:16:27'),
(850, 'tbaFCyrSuP', '2021-01-25', '2018-12-17 00:16:27', '2018-12-17 00:16:27'),
(851, 'l9tJHbgToF', '2021-02-01', '2018-12-17 00:16:27', '2018-12-17 00:16:27'),
(852, 'v0DWrCiGn3', '2021-02-08', '2018-12-17 00:16:27', '2018-12-17 00:16:27'),
(853, 'HfUq6AW1lJ', '2021-02-15', '2018-12-17 00:16:27', '2018-12-17 00:16:27'),
(854, 'Cj5nk7a96I', '2021-02-22', '2018-12-17 00:16:27', '2018-12-17 00:16:27'),
(855, 'Kmx5Z0PdWE', '2021-03-01', '2018-12-17 00:16:27', '2018-12-17 00:16:27'),
(856, 'dU5lg4srmn', '2021-03-08', '2018-12-17 00:16:27', '2018-12-17 00:16:27'),
(857, 'IQwOq0Sofl', '2021-03-15', '2018-12-17 00:16:27', '2018-12-17 00:16:27'),
(858, 'd6rjMLgi9O', '2021-03-22', '2018-12-17 00:16:27', '2018-12-17 00:16:27'),
(859, 'Kmpf7Cnk8J', '2021-03-29', '2018-12-17 00:16:27', '2018-12-17 00:16:27'),
(860, 'Ha5NUpDR47', '2021-04-05', '2018-12-17 00:16:27', '2018-12-17 00:16:27'),
(861, 'RmAGkvYxMa', '2021-04-12', '2018-12-17 00:16:27', '2018-12-17 00:16:27'),
(862, 'QVO6CGkzPt', '2021-04-19', '2018-12-17 00:16:27', '2018-12-17 00:16:27'),
(863, '9ZjJOfrUhn', '2021-04-26', '2018-12-17 00:16:27', '2018-12-17 00:16:27'),
(864, 'wl2jhT85ge', '2021-05-03', '2018-12-17 00:16:27', '2018-12-17 00:16:27'),
(865, 'ZeG4Pxy3sa', '2021-05-10', '2018-12-17 00:16:27', '2018-12-17 00:16:27'),
(866, 'NFlndXeJZ4', '2021-05-17', '2018-12-17 00:16:27', '2018-12-17 00:16:27'),
(867, 'j7hXO8MwDy', '2021-05-24', '2018-12-17 00:16:27', '2018-12-17 00:16:27'),
(868, 'jztIsEFOf4', '2021-05-31', '2018-12-17 00:16:27', '2018-12-17 00:16:27'),
(869, '59bew812mQ', '2021-06-07', '2018-12-17 00:16:27', '2018-12-17 00:16:27'),
(870, 'rLjiJVXTyg', '2021-06-14', '2018-12-17 00:16:27', '2018-12-17 00:16:27'),
(871, 'KMd1EPDI42', '2021-06-21', '2018-12-17 00:16:27', '2018-12-17 00:16:27'),
(872, 'n0N3c7CIur', '2021-06-28', '2018-12-17 00:16:27', '2018-12-17 00:16:27'),
(873, 'g3xLW1Rnkt', '2021-07-05', '2018-12-17 00:16:27', '2018-12-17 00:16:27'),
(874, 'fC4DwAlNF1', '2021-07-12', '2018-12-17 00:16:27', '2018-12-17 00:16:27'),
(875, 'au5tAceLX7', '2021-07-19', '2018-12-17 00:16:27', '2018-12-17 00:16:27'),
(876, 'D09qNGrTuW', '2021-07-26', '2018-12-17 00:16:27', '2018-12-17 00:16:27'),
(877, 'moDqFh9wHl', '2021-08-02', '2018-12-17 00:16:27', '2018-12-17 00:16:27'),
(878, 'NDazHirXSj', '2021-08-09', '2018-12-17 00:16:27', '2018-12-17 00:16:27'),
(879, '0aNmrdc9y7', '2021-08-16', '2018-12-17 00:16:27', '2018-12-17 00:16:27'),
(880, 'CiVfzwxJT3', '2021-08-23', '2018-12-17 00:16:27', '2018-12-17 00:16:27'),
(881, 'rDQ4b9CKk8', '2021-08-30', '2018-12-17 00:16:27', '2018-12-17 00:16:27'),
(882, 'u7UiPsHMNW', '2021-09-06', '2018-12-17 00:16:27', '2018-12-17 00:16:27'),
(883, 'PvhxOBVMYU', '2021-09-13', '2018-12-17 00:16:27', '2018-12-17 00:16:27'),
(884, 'npLhJUc9Pt', '2021-09-20', '2018-12-17 00:16:27', '2018-12-17 00:16:27'),
(885, 'rFBN478UYH', '2021-09-27', '2018-12-17 00:16:27', '2018-12-17 00:16:27'),
(886, 'vTERfaDgAw', '2021-10-04', '2018-12-17 00:16:27', '2018-12-17 00:16:27'),
(887, '76MzIkjqoR', '2021-10-11', '2018-12-17 00:16:27', '2018-12-17 00:16:27'),
(888, 'Vg3wSJZN95', '2021-10-18', '2018-12-17 00:16:27', '2018-12-17 00:16:27'),
(889, 'tFXBmqE8P0', '2021-10-25', '2018-12-17 00:16:27', '2018-12-17 00:16:27'),
(890, 'r0L2MpYSN8', '2021-11-01', '2018-12-17 00:16:27', '2018-12-17 00:16:27'),
(891, 'jxC4QahlyW', '2021-11-08', '2018-12-17 00:16:27', '2018-12-17 00:16:27'),
(892, 'WJjSfyekKd', '2021-11-15', '2018-12-17 00:16:27', '2018-12-17 00:16:27'),
(893, 'abRzfwN3BS', '2021-11-22', '2018-12-17 00:16:27', '2018-12-17 00:16:27'),
(894, 'xC1l0vIA7s', '2021-11-29', '2018-12-17 00:16:27', '2018-12-17 00:16:27'),
(895, 'miognqKB9L', '2021-12-06', '2018-12-17 00:16:27', '2018-12-17 00:16:27'),
(896, 'bryVcPHxl2', '2021-12-13', '2018-12-17 00:16:27', '2018-12-17 00:16:27'),
(897, 'KYNDuvC5gW', '2021-12-20', '2018-12-17 00:16:27', '2018-12-17 00:16:27'),
(898, 'olkge6xjDQ', '2021-12-27', '2018-12-17 00:16:27', '2018-12-17 00:16:27'),
(899, 'oR1FVsr3w6', '2022-01-03', '2018-12-17 00:16:27', '2018-12-17 00:16:27'),
(900, 'Gk6OlwATDZ', '2022-01-10', '2018-12-17 00:16:27', '2018-12-17 00:16:27'),
(901, 'tdfJlTSOxF', '2022-01-17', '2018-12-17 00:16:27', '2018-12-17 00:16:27'),
(902, '8SpfzYXjL5', '2022-01-24', '2018-12-17 00:16:27', '2018-12-17 00:16:27'),
(903, '1iCblxO2oW', '2022-01-31', '2018-12-17 00:16:27', '2018-12-17 00:16:27'),
(904, 'FYTKeaA58R', '2022-02-07', '2018-12-17 00:16:27', '2018-12-17 00:16:27'),
(905, 'cNbK1FPOvs', '2022-02-14', '2018-12-17 00:16:27', '2018-12-17 00:16:27'),
(906, '8Rsuvgq9Eo', '2022-02-21', '2018-12-17 00:16:27', '2018-12-17 00:16:27'),
(907, 'aVvAPYXGif', '2022-02-28', '2018-12-17 00:16:27', '2018-12-17 00:16:27'),
(908, '93tiepPyUX', '2022-03-07', '2018-12-17 00:16:27', '2018-12-17 00:16:27'),
(909, 'CXJEW4DjhA', '2022-03-14', '2018-12-17 00:16:27', '2018-12-17 00:16:27'),
(910, 'YDZMW38GXx', '2022-03-21', '2018-12-17 00:16:27', '2018-12-17 00:16:27'),
(911, 'TsLciJGWAm', '2022-03-28', '2018-12-17 00:16:27', '2018-12-17 00:16:27'),
(912, 'TNRfXkAxQC', '2022-04-04', '2018-12-17 00:16:27', '2018-12-17 00:16:27'),
(913, 'oge7PQdMSC', '2022-04-11', '2018-12-17 00:16:27', '2018-12-17 00:16:27'),
(914, 'nDwY3tchVZ', '2022-04-18', '2018-12-17 00:16:27', '2018-12-17 00:16:27'),
(915, 'twfYgevmUN', '2022-04-25', '2018-12-17 00:16:27', '2018-12-17 00:16:27'),
(916, 'aPSEzTW7mQ', '2022-05-02', '2018-12-17 00:16:27', '2018-12-17 00:16:27'),
(917, 'vjTfKh7yMV', '2022-05-09', '2018-12-17 00:16:27', '2018-12-17 00:16:27'),
(918, 'A32ufeyILh', '2022-05-16', '2018-12-17 00:16:27', '2018-12-17 00:16:27'),
(919, 'rPaNwY9cCi', '2022-05-23', '2018-12-17 00:16:27', '2018-12-17 00:16:27'),
(920, 'FSGfY3sbTH', '2022-05-30', '2018-12-17 00:16:27', '2018-12-17 00:16:27'),
(921, 'RJB5fXrweQ', '2022-06-06', '2018-12-17 00:16:27', '2018-12-17 00:16:27'),
(922, 'yYuKZhawVt', '2022-06-13', '2018-12-17 00:16:27', '2018-12-17 00:16:27'),
(923, 'FyIghEDkVr', '2022-06-20', '2018-12-17 00:16:27', '2018-12-17 00:16:27'),
(924, 'xpVZt6qQXe', '2022-06-27', '2018-12-17 00:16:27', '2018-12-17 00:16:27'),
(925, '4IkNltSCaK', '2022-07-04', '2018-12-17 00:16:27', '2018-12-17 00:16:27'),
(926, 'fn9dE8c3rt', '2022-07-11', '2018-12-17 00:16:27', '2018-12-17 00:16:27'),
(927, '1rnuUmCKb8', '2022-07-18', '2018-12-17 00:16:27', '2018-12-17 00:16:27'),
(928, 'vV3HiUZ6S5', '2022-07-25', '2018-12-17 00:16:27', '2018-12-17 00:16:27'),
(929, 'SJYq0kdVxs', '2022-08-01', '2018-12-17 00:16:27', '2018-12-17 00:16:27'),
(930, 'eS0vEHtBVN', '2022-08-08', '2018-12-17 00:16:27', '2018-12-17 00:16:27'),
(931, 'gI0xzSVqbQ', '2022-08-15', '2018-12-17 00:16:27', '2018-12-17 00:16:27'),
(932, '71yfPt6CpT', '2022-08-22', '2018-12-17 00:16:27', '2018-12-17 00:16:27'),
(933, 'u9pD6hOmvB', '2022-08-29', '2018-12-17 00:16:27', '2018-12-17 00:16:27'),
(934, '5dSrQZIF7E', '2022-09-05', '2018-12-17 00:16:27', '2018-12-17 00:16:27'),
(935, 'd8njKroYWi', '2022-09-12', '2018-12-17 00:16:27', '2018-12-17 00:16:27'),
(936, 'yotuJ02qYP', '2022-09-19', '2018-12-17 00:16:27', '2018-12-17 00:16:27'),
(937, '07nZDk5ThK', '2022-09-26', '2018-12-17 00:16:27', '2018-12-17 00:16:27'),
(938, 'Pom28fdRza', '2022-10-03', '2018-12-17 00:16:27', '2018-12-17 00:16:27'),
(939, 'eJsauHyS89', '2022-10-10', '2018-12-17 00:16:27', '2018-12-17 00:16:27'),
(940, '2J3TVioRcZ', '2022-10-17', '2018-12-17 00:16:27', '2018-12-17 00:16:27'),
(941, '6SeyEuKJ7o', '2022-10-24', '2018-12-17 00:16:27', '2018-12-17 00:16:27'),
(942, 'eUEx38CN0i', '2022-10-31', '2018-12-17 00:16:27', '2018-12-17 00:16:27'),
(943, 'jXdW6yBwbY', '2022-11-07', '2018-12-17 00:16:27', '2018-12-17 00:16:27'),
(944, 'bkxjtMSRO2', '2022-11-14', '2018-12-17 00:16:27', '2018-12-17 00:16:27'),
(945, 'LpPN0x85zE', '2022-11-21', '2018-12-17 00:16:27', '2018-12-17 00:16:27'),
(946, 'vKEB3hHF0P', '2022-11-28', '2018-12-17 00:16:27', '2018-12-17 00:16:27'),
(947, 'IzMeVYvEcg', '2022-12-05', '2018-12-17 00:16:27', '2018-12-17 00:16:27'),
(948, 'xgVOsoUFDf', '2022-12-12', '2018-12-17 00:16:27', '2018-12-17 00:16:27'),
(949, '1PI0X8fKhC', '2022-12-19', '2018-12-17 00:16:27', '2018-12-17 00:16:27'),
(950, 'Yg1JcvplGU', '2022-12-26', '2018-12-17 00:16:27', '2018-12-17 00:16:27'),
(951, 'AFeLqvEkbW', '2023-01-02', '2018-12-17 00:16:27', '2018-12-17 00:16:27'),
(952, '4VbBtaTxZm', '2023-01-09', '2018-12-17 00:16:27', '2018-12-17 00:16:27'),
(953, 'qrvkJKICNn', '2023-01-16', '2018-12-17 00:16:27', '2018-12-17 00:16:27'),
(954, 'fZ04Qpvx3h', '2023-01-23', '2018-12-17 00:16:27', '2018-12-17 00:16:27'),
(955, 'B3F0fYXoH6', '2023-01-30', '2018-12-17 00:16:27', '2018-12-17 00:16:27'),
(956, '4ZnNKVIPtW', '2023-02-06', '2018-12-17 00:16:27', '2018-12-17 00:16:27'),
(957, 'VbLpWSX3cK', '2023-02-13', '2018-12-17 00:16:27', '2018-12-17 00:16:27'),
(958, '1KvgJYucs8', '2023-02-20', '2018-12-17 00:16:27', '2018-12-17 00:16:27'),
(959, 'GL7AaTd3Ul', '2023-02-27', '2018-12-17 00:16:27', '2018-12-17 00:16:27'),
(960, 'fgX4mqD5Ju', '2023-03-06', '2018-12-17 00:16:27', '2018-12-17 00:16:27'),
(961, 'j1YkQnb8mN', '2023-03-13', '2018-12-17 00:16:27', '2018-12-17 00:16:27'),
(962, 'VKF83AiBwf', '2023-03-20', '2018-12-17 00:16:27', '2018-12-17 00:16:27'),
(963, 'beFokjTNmK', '2023-03-27', '2018-12-17 00:16:27', '2018-12-17 00:16:27'),
(964, 'Bds4XyfxPS', '2023-04-03', '2018-12-17 00:16:27', '2018-12-17 00:16:27'),
(965, 'MfQ3jm4YwP', '2023-04-10', '2018-12-17 00:16:27', '2018-12-17 00:16:27'),
(966, 'CZPR4HEpqQ', '2023-04-17', '2018-12-17 00:16:27', '2018-12-17 00:16:27'),
(967, 'tibXn3Myua', '2023-04-24', '2018-12-17 00:16:27', '2018-12-17 00:16:27'),
(968, 'HyO0xNkPVf', '2023-05-01', '2018-12-17 00:16:27', '2018-12-17 00:16:27'),
(969, 'cpmo58Jr1h', '2023-05-08', '2018-12-17 00:16:27', '2018-12-17 00:16:27'),
(970, 'CcMRN3QLok', '2023-05-15', '2018-12-17 00:16:27', '2018-12-17 00:16:27'),
(971, 'cnk4hu0qjU', '2023-05-22', '2018-12-17 00:16:27', '2018-12-17 00:16:27'),
(972, 'ejG63PlCYI', '2023-05-29', '2018-12-17 00:16:27', '2018-12-17 00:16:27'),
(973, '2l3HEohXR0', '2023-06-05', '2018-12-17 00:16:27', '2018-12-17 00:16:27'),
(974, 'ZQxFnXEvaw', '2023-06-12', '2018-12-17 00:16:27', '2018-12-17 00:16:27'),
(975, 'QcK5ytvowO', '2023-06-19', '2018-12-17 00:16:27', '2018-12-17 00:16:27'),
(976, 'aj34OlCI0V', '2023-06-26', '2018-12-17 00:16:27', '2018-12-17 00:16:27'),
(977, 'iWRDaGMxcP', '2023-07-03', '2018-12-17 00:16:27', '2018-12-17 00:16:27'),
(978, '9AC8xJVFnO', '2023-07-10', '2018-12-17 00:16:27', '2018-12-17 00:16:27'),
(979, '3x45jgfWUo', '2023-07-17', '2018-12-17 00:16:27', '2018-12-17 00:16:27'),
(980, 'zgHfSIntUC', '2023-07-24', '2018-12-17 00:16:27', '2018-12-17 00:16:27'),
(981, 'mx43MsFQoe', '2023-07-31', '2018-12-17 00:16:27', '2018-12-17 00:16:27'),
(982, 'sVxXdOLwIE', '2023-08-07', '2018-12-17 00:16:27', '2018-12-17 00:16:27'),
(983, 'Gj7TRtQ1m5', '2023-08-14', '2018-12-17 00:16:27', '2018-12-17 00:16:27'),
(984, 'TVPYXD5wt4', '2023-08-21', '2018-12-17 00:16:27', '2018-12-17 00:16:27'),
(985, 'xzf8hbSLgI', '2023-08-28', '2018-12-17 00:16:27', '2018-12-17 00:16:27'),
(986, 'S27ybZtRi1', '2023-09-04', '2018-12-17 00:16:27', '2018-12-17 00:16:27'),
(987, 'yNr2Cd6Ycm', '2023-09-11', '2018-12-17 00:16:27', '2018-12-17 00:16:27'),
(988, '9BKihZQd2I', '2023-09-18', '2018-12-17 00:16:27', '2018-12-17 00:16:27'),
(989, 'iCXhLplx9b', '2023-09-25', '2018-12-17 00:16:27', '2018-12-17 00:16:27'),
(990, 'Axc0275lyu', '2023-10-02', '2018-12-17 00:16:27', '2018-12-17 00:16:27'),
(991, 'zG3BUtMl5F', '2023-10-09', '2018-12-17 00:16:27', '2018-12-17 00:16:27'),
(992, 'iEP9dt7uSQ', '2023-10-16', '2018-12-17 00:16:27', '2018-12-17 00:16:27'),
(993, 'VZRO817KTp', '2023-10-23', '2018-12-17 00:16:27', '2018-12-17 00:16:27'),
(994, 'Mo1jhE2AR5', '2023-10-30', '2018-12-17 00:16:27', '2018-12-17 00:16:27'),
(995, 'tgOBXUNWm3', '2023-11-06', '2018-12-17 00:16:27', '2018-12-17 00:16:27'),
(996, 'hvQVkSYjRu', '2023-11-13', '2018-12-17 00:16:27', '2018-12-17 00:16:27'),
(997, 'vQZEfkGqDR', '2023-11-20', '2018-12-17 00:16:27', '2018-12-17 00:16:27'),
(998, 'hukAqtOSo2', '2023-11-27', '2018-12-17 00:16:27', '2018-12-17 00:16:27'),
(999, 'ioENagzP2G', '2023-12-04', '2018-12-17 00:16:27', '2018-12-17 00:16:27'),
(1000, 'jmNFWMoYIO', '2023-12-11', '2018-12-17 00:16:27', '2018-12-17 00:16:27'),
(1001, 'KVUdlMS5rB', '2023-12-18', '2018-12-17 00:16:27', '2018-12-17 00:16:27'),
(1002, 'OxuJisHpcm', '2023-12-25', '2018-12-17 00:16:27', '2018-12-17 00:16:27'),
(1003, 'bdRPYpW2HL', '2024-01-01', '2018-12-17 00:16:27', '2018-12-17 00:16:27'),
(1004, 'wBpnhDxC8z', '2024-01-08', '2018-12-17 00:16:27', '2018-12-17 00:16:27'),
(1005, 'iMXxEwzHNe', '2024-01-15', '2018-12-17 00:16:27', '2018-12-17 00:16:27'),
(1006, 'SpnmI0ehyG', '2024-01-22', '2018-12-17 00:16:27', '2018-12-17 00:16:27'),
(1007, 'yLQMHYbK0g', '2024-01-29', '2018-12-17 00:16:27', '2018-12-17 00:16:27'),
(1008, 'rBEkds4eZq', '2024-02-05', '2018-12-17 00:16:27', '2018-12-17 00:16:27'),
(1009, '8vRQVe37Pz', '2024-02-12', '2018-12-17 00:16:27', '2018-12-17 00:16:27'),
(1010, 'ErLJOf3bgP', '2024-02-19', '2018-12-17 00:16:27', '2018-12-17 00:16:27'),
(1011, 'gKGI8pHlAa', '2024-02-26', '2018-12-17 00:16:27', '2018-12-17 00:16:27'),
(1012, 'gfz9VXQICp', '2024-03-04', '2018-12-17 00:16:27', '2018-12-17 00:16:27'),
(1013, 'UfkuLjFxAW', '2024-03-11', '2018-12-17 00:16:27', '2018-12-17 00:16:27'),
(1014, 'xgihZCX9ta', '2024-03-18', '2018-12-17 00:16:27', '2018-12-17 00:16:27'),
(1015, '06N5TgtHxb', '2024-03-25', '2018-12-17 00:16:27', '2018-12-17 00:16:27'),
(1016, 'NoKJWiCzVM', '2024-04-01', '2018-12-17 00:16:27', '2018-12-17 00:16:27'),
(1017, 'dHjLi6KIf3', '2024-04-08', '2018-12-17 00:16:27', '2018-12-17 00:16:27'),
(1018, 'Se68zoXrMF', '2024-04-15', '2018-12-17 00:16:27', '2018-12-17 00:16:27'),
(1019, 'rbycE41m0x', '2024-04-22', '2018-12-17 00:16:27', '2018-12-17 00:16:27'),
(1020, 'bEMuaHgQ8L', '2024-04-29', '2018-12-17 00:16:27', '2018-12-17 00:16:27'),
(1021, 'pXtvf9RTPk', '2024-05-06', '2018-12-17 00:16:27', '2018-12-17 00:16:27'),
(1022, 'bca3ZIo6K0', '2024-05-13', '2018-12-17 00:16:27', '2018-12-17 00:16:27'),
(1023, 'mDQREgIG0n', '2024-05-20', '2018-12-17 00:16:27', '2018-12-17 00:16:27'),
(1024, '7ZmOctAl6b', '2024-05-27', '2018-12-17 00:16:27', '2018-12-17 00:16:27'),
(1025, 'GIFfc35pXa', '2024-06-03', '2018-12-17 00:16:27', '2018-12-17 00:16:27'),
(1026, 'WRMNxLO9BQ', '2024-06-10', '2018-12-17 00:16:27', '2018-12-17 00:16:27'),
(1027, 'u3pDqXzgFb', '2024-06-17', '2018-12-17 00:16:27', '2018-12-17 00:16:27'),
(1028, 'VClGuXcyUn', '2024-06-24', '2018-12-17 00:16:27', '2018-12-17 00:16:27'),
(1029, 'AY94PTmnNc', '2024-07-01', '2018-12-17 00:16:27', '2018-12-17 00:16:27'),
(1030, 'HJMGUYRy8c', '2024-07-08', '2018-12-17 00:16:27', '2018-12-17 00:16:27'),
(1031, 'COE7ZtGp5q', '2024-07-15', '2018-12-17 00:16:27', '2018-12-17 00:16:27'),
(1032, 'sV2LdRv7Wa', '2024-07-22', '2018-12-17 00:16:27', '2018-12-17 00:16:27'),
(1033, '4onr3HRUbA', '2024-07-29', '2018-12-17 00:16:27', '2018-12-17 00:16:27'),
(1034, '4fwltAqnpQ', '2024-08-05', '2018-12-17 00:16:27', '2018-12-17 00:16:27'),
(1035, '7Sy4u5VMfr', '2024-08-12', '2018-12-17 00:16:27', '2018-12-17 00:16:27'),
(1036, 'YcPSr7ixyM', '2024-08-19', '2018-12-17 00:16:27', '2018-12-17 00:16:27'),
(1037, '0pkOoBFxNf', '2024-08-26', '2018-12-17 00:16:27', '2018-12-17 00:16:27'),
(1038, '1DL4RMw6Fa', '2024-09-02', '2018-12-17 00:16:27', '2018-12-17 00:16:27'),
(1039, '6EGNrdBFUa', '2024-09-09', '2018-12-17 00:16:27', '2018-12-17 00:16:27'),
(1040, 'XOlJu9dva6', '2024-09-16', '2018-12-17 00:16:27', '2018-12-17 00:16:27'),
(1041, 'vLXDOVH2NI', '2024-09-23', '2018-12-17 00:16:27', '2018-12-17 00:16:27'),
(1042, 'Z3HeWa4Jgo', '2024-09-30', '2018-12-17 00:16:27', '2018-12-17 00:16:27'),
(1043, 'XWvhn85rZb', '2024-10-07', '2018-12-17 00:16:27', '2018-12-17 00:16:27'),
(1044, 'hkVSNyo3Xd', '2024-10-14', '2018-12-17 00:16:27', '2018-12-17 00:16:27'),
(1045, 'FmDhUs6SNH', '2024-10-21', '2018-12-17 00:16:27', '2018-12-17 00:16:27'),
(1046, 'X706crRYAq', '2024-10-28', '2018-12-17 00:16:27', '2018-12-17 00:16:27'),
(1047, '6jWgNq3crv', '2024-11-04', '2018-12-17 00:16:27', '2018-12-17 00:16:27'),
(1048, 'NEP5MxOTS4', '2024-11-11', '2018-12-17 00:16:27', '2018-12-17 00:16:27'),
(1049, 'N9TFyZgrq7', '2024-11-18', '2018-12-17 00:16:27', '2018-12-17 00:16:27'),
(1050, 'W1mAeXG4rB', '2024-11-25', '2018-12-17 00:16:27', '2018-12-17 00:16:27'),
(1051, '5YtuR4din8', '2024-12-02', '2018-12-17 00:16:27', '2018-12-17 00:16:27'),
(1052, '1C73TojYJO', '2024-12-09', '2018-12-17 00:16:27', '2018-12-17 00:16:27'),
(1053, 'MSKJd3rct4', '2024-12-16', '2018-12-17 00:16:27', '2018-12-17 00:16:27'),
(1054, '6pWBrED1Ym', '2024-12-23', '2018-12-17 00:16:27', '2018-12-17 00:16:27'),
(1055, 'KAexWYSRTO', '2024-12-30', '2018-12-17 00:16:27', '2018-12-17 00:16:27'),
(1056, '8Qsq3XuWoF', '2025-01-06', '2018-12-17 00:16:27', '2018-12-17 00:16:27'),
(1057, 'qTYJFMr7pC', '2025-01-13', '2018-12-17 00:16:27', '2018-12-17 00:16:27'),
(1058, '7ku495F0bm', '2025-01-20', '2018-12-17 00:16:27', '2018-12-17 00:16:27'),
(1059, 'KXWrBROLkV', '2025-01-27', '2018-12-17 00:16:27', '2018-12-17 00:16:27'),
(1060, 'lUuIm3Dwgq', '2025-02-03', '2018-12-17 00:16:27', '2018-12-17 00:16:27'),
(1061, 'gmBOFfUMJj', '2025-02-10', '2018-12-17 00:16:27', '2018-12-17 00:16:27'),
(1062, 'SbE1zo2nq5', '2025-02-17', '2018-12-17 00:16:27', '2018-12-17 00:16:27'),
(1063, 'IbljsXAcCq', '2025-02-24', '2018-12-17 00:16:27', '2018-12-17 00:16:27'),
(1064, '8mWFKwTIHM', '2025-03-03', '2018-12-17 00:16:27', '2018-12-17 00:16:27'),
(1065, 'Upgx9BQhmA', '2025-03-10', '2018-12-17 00:16:27', '2018-12-17 00:16:27'),
(1066, 'jsZD2HgzeB', '2025-03-17', '2018-12-17 00:16:27', '2018-12-17 00:16:27'),
(1067, 'M2ReuoU0xd', '2025-03-24', '2018-12-17 00:16:27', '2018-12-17 00:16:27'),
(1068, '98DpayPOZ7', '2025-03-31', '2018-12-17 00:16:27', '2018-12-17 00:16:27'),
(1069, 'YZdXFGj7t0', '2025-04-07', '2018-12-17 00:16:27', '2018-12-17 00:16:27'),
(1070, 'TelPfDF3Jh', '2025-04-14', '2018-12-17 00:16:27', '2018-12-17 00:16:27'),
(1071, 'QeOyBrauJd', '2025-04-21', '2018-12-17 00:16:27', '2018-12-17 00:16:27'),
(1072, '32P5dEvHyV', '2025-04-28', '2018-12-17 00:16:27', '2018-12-17 00:16:27'),
(1073, '34W8PORDsz', '2025-05-05', '2018-12-17 00:16:27', '2018-12-17 00:16:27'),
(1074, 'iYQ1AqOeUm', '2025-05-12', '2018-12-17 00:16:27', '2018-12-17 00:16:27'),
(1075, 'oU0efCZl19', '2025-05-19', '2018-12-17 00:16:27', '2018-12-17 00:16:27'),
(1076, 'tDhQ0eszRF', '2025-05-26', '2018-12-17 00:16:27', '2018-12-17 00:16:27'),
(1077, 'XsA5RfUl14', '2025-06-02', '2018-12-17 00:16:27', '2018-12-17 00:16:27'),
(1078, 'HjRX0bdLSt', '2025-06-09', '2018-12-17 00:16:27', '2018-12-17 00:16:27'),
(1079, 'K9kMr3ts1R', '2025-06-16', '2018-12-17 00:16:27', '2018-12-17 00:16:27'),
(1080, '2lUeTJNsMm', '2025-06-23', '2018-12-17 00:16:27', '2018-12-17 00:16:27'),
(1081, '6SDERgtjGM', '2025-06-30', '2018-12-17 00:16:27', '2018-12-17 00:16:27'),
(1082, 'LyiSxn0pZT', '2025-07-07', '2018-12-17 00:16:27', '2018-12-17 00:16:27'),
(1083, '5CR7lMrNs3', '2025-07-14', '2018-12-17 00:16:27', '2018-12-17 00:16:27'),
(1084, 'wbDUfBV9tR', '2025-07-21', '2018-12-17 00:16:27', '2018-12-17 00:16:27'),
(1085, 'kS40C2izLy', '2025-07-28', '2018-12-17 00:16:27', '2018-12-17 00:16:27'),
(1086, 'fEMCS0GiX6', '2025-08-04', '2018-12-17 00:16:27', '2018-12-17 00:16:27'),
(1087, 'iS0ZlFDVkm', '2025-08-11', '2018-12-17 00:16:27', '2018-12-17 00:16:27'),
(1088, 'EZn0OKiI9p', '2025-08-18', '2018-12-17 00:16:27', '2018-12-17 00:16:27'),
(1089, '2qxQLc9BRK', '2025-08-25', '2018-12-17 00:16:27', '2018-12-17 00:16:27'),
(1090, 'fTHwLKb1GY', '2025-09-01', '2018-12-17 00:16:27', '2018-12-17 00:16:27'),
(1091, 'TnbwJl8Dcv', '2025-09-08', '2018-12-17 00:16:27', '2018-12-17 00:16:27'),
(1092, 'hGD70rgUqn', '2025-09-15', '2018-12-17 00:16:27', '2018-12-17 00:16:27'),
(1093, '4pqwmiPSVa', '2025-09-22', '2018-12-17 00:16:27', '2018-12-17 00:16:27'),
(1094, 'nEFc7Wg3oh', '2025-09-29', '2018-12-17 00:16:27', '2018-12-17 00:16:27'),
(1095, 'ygCbwK6H3G', '2025-10-06', '2018-12-17 00:16:27', '2018-12-17 00:16:27'),
(1096, 'cjRzmQE7aZ', '2025-10-13', '2018-12-17 00:16:27', '2018-12-17 00:16:27'),
(1097, 'ZCjU0pgJKD', '2025-10-20', '2018-12-17 00:16:27', '2018-12-17 00:16:27'),
(1098, 'F7apgsVOUP', '2025-10-27', '2018-12-17 00:16:27', '2018-12-17 00:16:27'),
(1099, 'Qg0ziACnZW', '2025-11-03', '2018-12-17 00:16:27', '2018-12-17 00:16:27'),
(1100, 'iwrMEmQqgC', '2025-11-10', '2018-12-17 00:16:27', '2018-12-17 00:16:27'),
(1101, 'Huf9YI0FO7', '2025-11-17', '2018-12-17 00:16:27', '2018-12-17 00:16:27'),
(1102, 'G5kLqeZtBo', '2025-11-24', '2018-12-17 00:16:27', '2018-12-17 00:16:27'),
(1103, '0eLgK4raiq', '2025-12-01', '2018-12-17 00:16:27', '2018-12-17 00:16:27'),
(1104, 'SiZLDVlFO5', '2025-12-08', '2018-12-17 00:16:27', '2018-12-17 00:16:27'),
(1105, 'crTAFLwINg', '2025-12-15', '2018-12-17 00:16:27', '2018-12-17 00:16:27');

-- --------------------------------------------------------

--
-- Stand-in structure for view `code_week`
-- (See below for the actual view)
--
CREATE TABLE `code_week` (
`code_id` int(10) unsigned
,`code` varchar(255)
,`code_allowed` date
,`amount` bigint(21)
);

-- --------------------------------------------------------

--
-- Table structure for table `effort_level`
--

CREATE TABLE `effort_level` (
  `effort_level_id` int(10) UNSIGNED NOT NULL,
  `difficultity` varchar(50) NOT NULL
) ENGINE=InnoDB DEFAULT CHARSET=latin1;

--
-- Dumping data for table `effort_level`
--

INSERT INTO `effort_level` (`effort_level_id`, `difficultity`) VALUES
(1, 'easy'),
(2, 'medium'),
(3, 'difficult');

-- --------------------------------------------------------

--
-- Stand-in structure for view `information`
-- (See below for the actual view)
--
CREATE TABLE `information` (
`recipe_id` int(10) unsigned
,`recipe_name` varchar(191)
,`picture_location` varchar(191)
,`length_of_time` varchar(15)
,`description` varchar(255)
,`vegi` int(2)
,`preparation_time` varchar(15)
,`serves` int(4)
,`categoryName` varchar(191)
,`code` varchar(255)
,`code_allowed` date
,`difficultity` varchar(50)
);

-- --------------------------------------------------------

--
-- Table structure for table `ingredients`
--

CREATE TABLE `ingredients` (
  `Ingredient_id` int(10) UNSIGNED NOT NULL,
  `ingredientName` varchar(191) COLLATE utf8mb4_unicode_ci NOT NULL,
  `created_at` timestamp NULL DEFAULT NULL,
  `updated_at` timestamp NULL DEFAULT NULL
) ENGINE=InnoDB DEFAULT CHARSET=utf8mb4 COLLATE=utf8mb4_unicode_ci;

--
-- Dumping data for table `ingredients`
--

INSERT INTO `ingredients` (`Ingredient_id`, `ingredientName`, `created_at`, `updated_at`) VALUES
(1, 'normal', '2018-12-17 09:53:20', '2018-12-17 09:53:20'),
(2, 'tomatos', '2018-12-17 09:53:30', '2018-12-17 09:53:30'),
(3, 'mackerel', '2019-01-07 22:36:32', '2019-01-07 22:36:32'),
(5, 'almond paste	', '2019-02-13 10:07:34', '2019-02-13 10:07:34'),
(6, 'blueberries	', '2019-02-13 10:07:34', '2019-02-13 10:07:34'),
(7, 'pine nuts	', '2019-02-13 10:07:34', '2019-02-13 10:07:34'),
(8, 'buckwheat', '2019-02-13 10:07:34', '2019-02-13 10:07:34'),
(9, 'chaurice sausage	', '2019-02-13 10:07:34', '2019-02-13 10:07:34'),
(10, 'breadfruit	', '2019-02-13 10:07:34', '2019-02-13 10:07:34'),
(11, 'zinfandel wine	', '2019-02-13 10:07:34', '2019-02-13 10:07:34'),
(12, 'gorgonzola	', '2019-02-13 10:07:34', '2019-02-13 10:07:34'),
(13, 'snow peas	', '2019-02-13 10:07:34', '2019-02-13 10:07:34'),
(14, 'almond extract	', '2019-02-13 10:07:34', '2019-02-13 10:07:34'),
(15, 'jelly beans	', '2019-02-13 10:07:34', '2019-02-13 10:07:34'),
(16, 'tomato puree	', '2019-02-13 10:07:34', '2019-02-13 10:07:34'),
(17, 'cremini mushrooms	', '2019-02-13 10:07:34', '2019-02-13 10:07:34'),
(18, 'chili sauce	', '2019-02-13 10:07:34', '2019-02-13 10:07:34'),
(19, 'won ton skins	', '2019-02-13 10:07:34', '2019-02-13 10:07:34'),
(20, 'pasta	', '2019-02-13 10:07:34', '2019-02-13 10:07:34'),
(21, 'croutons	', '2019-02-13 10:07:34', '2019-02-13 10:07:34'),
(22, 'sage	', '2019-02-13 10:07:34', '2019-02-13 10:07:34'),
(23, 'Tabasco sauce	', '2019-02-13 10:07:34', '2019-02-13 10:07:34'),
(24, 'cloves	', '2019-02-13 10:07:34', '2019-02-13 10:07:34'),
(26, 'apples	', '2019-02-13 10:07:34', '2019-02-13 10:07:34'),
(27, 'almond butter	', '2019-02-13 10:07:34', '2019-02-13 10:07:34'),
(28, 'tuna	', '2019-02-13 10:07:34', '2019-02-13 10:07:34'),
(29, 'apricots	', '2019-02-13 10:07:34', '2019-02-13 10:07:34'),
(30, 'cactus	', '2019-02-13 10:07:34', '2019-02-13 10:07:34'),
(31, 'cheddar cheese	', '2019-02-13 10:07:34', '2019-02-13 10:07:34'),
(32, 'grapes	', '2019-02-13 10:07:34', '2019-02-13 10:07:34'),
(33, 'poultry seasoning	', '2019-02-13 10:07:34', '2019-02-13 10:07:34'),
(34, 'oatmeal	', '2019-02-13 10:07:34', '2019-02-13 10:07:34'),
(35, 'beans	', '2019-02-13 10:07:34', '2019-02-13 10:07:34'),
(36, 'chicken liver	', '2019-02-13 10:07:34', '2019-02-13 10:07:34'),
(37, 'french fries	', '2019-02-13 10:07:34', '2019-02-13 10:07:34'),
(38, 'Goji berry	', '2019-02-13 10:07:34', '2019-02-13 10:07:34'),
(39, 'snap peas	', '2019-02-13 10:07:34', '2019-02-13 10:07:34'),
(40, 'Canadian bacon	', '2019-02-13 10:07:34', '2019-02-13 10:07:34'),
(41, 'peas	', '2019-02-13 10:07:34', '2019-02-13 10:07:34'),
(42, 'condensed milk	', '2019-02-13 10:07:34', '2019-02-13 10:07:34'),
(43, 'garlic powder	', '2019-02-13 10:07:34', '2019-02-13 10:07:34'),
(44, 'almonds	', '2019-02-13 10:07:34', '2019-02-13 10:07:34'),
(46, 'cream	', '2019-02-13 10:07:34', '2019-02-13 10:07:34'),
(47, 'bourbon	', '2019-02-13 10:07:34', '2019-02-13 10:07:34'),
(48, 'veal	', '2019-02-13 10:07:34', '2019-02-13 10:07:34'),
(49, 'sausages	', '2019-02-13 10:07:34', '2019-02-13 10:07:34'),
(50, 'navy beans	', '2019-02-13 10:07:34', '2019-02-13 10:07:34'),
(51, 'pinto beans	', '2019-02-13 10:07:34', '2019-02-13 10:07:34'),
(52, 'pancetta	', '2019-02-13 10:07:34', '2019-02-13 10:07:34'),
(53, 'water chestnuts	', '2019-02-13 10:07:34', '2019-02-13 10:07:34'),
(54, 'graham crackers	', '2019-02-13 10:07:34', '2019-02-13 10:07:34'),
(55, 'vanilla	', '2019-02-13 10:07:34', '2019-02-13 10:07:34'),
(56, 'okra	', '2019-02-13 10:07:34', '2019-02-13 10:07:34'),
(57, 'guavas	', '2019-02-13 10:07:34', '2019-02-13 10:07:34'),
(58, 'barbecue sauce	', '2019-02-13 10:07:34', '2019-02-13 10:07:34'),
(59, 'red pepper flakes	', '2019-02-13 10:07:34', '2019-02-13 10:07:34'),
(60, 'rum	', '2019-02-13 10:07:34', '2019-02-13 10:07:34'),
(61, 'celery	', '2019-02-13 10:07:34', '2019-02-13 10:07:34'),
(62, 'coffee	', '2019-02-13 10:07:34', '2019-02-13 10:07:34'),
(63, 'allspice	', '2019-02-13 10:07:34', '2019-02-13 10:07:34'),
(64, 'bok choy	', '2019-02-13 10:07:34', '2019-02-13 10:07:34'),
(65, 'tomato juice	', '2019-02-13 10:07:34', '2019-02-13 10:07:34'),
(66, 'jicama	', '2019-02-13 10:07:34', '2019-02-13 10:07:34'),
(67, 'cod	', '2019-02-13 10:07:34', '2019-02-13 10:07:34'),
(68, 'alligator	', '2019-02-13 10:07:34', '2019-02-13 10:07:34'),
(69, 'parsnips	', '2019-02-13 10:07:34', '2019-02-13 10:07:34'),
(70, 'blackberries	', '2019-02-13 10:07:34', '2019-02-13 10:07:34'),
(71, 'mackerel	', '2019-02-13 10:07:34', '2019-02-13 10:07:34'),
(73, 'shitakes	', '2019-02-13 10:07:34', '2019-02-13 10:07:34'),
(74, 'gouda	', '2019-02-13 10:07:34', '2019-02-13 10:07:34'),
(75, 'Marsala	', '2019-02-13 10:07:34', '2019-02-13 10:07:34'),
(76, 'red cabbage	', '2019-02-13 10:07:34', '2019-02-13 10:07:34'),
(77, 'tomato sauce	', '2019-02-13 10:07:34', '2019-02-13 10:07:34'),
(78, 'five-spice powder	', '2019-02-13 10:07:34', '2019-02-13 10:07:34'),
(79, 'coconut milk	', '2019-02-13 10:07:34', '2019-02-13 10:07:34'),
(80, 'cornstarch	', '2019-02-13 10:07:34', '2019-02-13 10:07:34'),
(81, 'focaccia	', '2019-02-13 10:07:34', '2019-02-13 10:07:34'),
(82, 'oregano	', '2019-02-13 10:07:34', '2019-02-13 10:07:34'),
(83, 'cream cheese	', '2019-02-13 10:07:34', '2019-02-13 10:07:34'),
(84, 'cranberries	', '2019-02-13 10:07:34', '2019-02-13 10:07:34'),
(85, 'steak	', '2019-02-13 10:07:34', '2019-02-13 10:07:34'),
(86, 'crayfish	', '2019-02-13 10:07:34', '2019-02-13 10:07:34'),
(87, 'red snapper	', '2019-02-13 10:07:34', '2019-02-13 10:07:34'),
(88, 'thyme	', '2019-02-13 10:07:34', '2019-02-13 10:07:34'),
(89, 'limes	', '2019-02-13 10:07:34', '2019-02-13 10:07:34'),
(90, 'bass	', '2019-02-13 10:07:34', '2019-02-13 10:07:34'),
(91, 'cider vinegar	', '2019-02-13 10:07:34', '2019-02-13 10:07:34'),
(92, 'nectarines	', '2019-02-13 10:07:34', '2019-02-13 10:07:34'),
(93, 'plums	', '2019-02-13 10:07:34', '2019-02-13 10:07:34'),
(94, 'venison	', '2019-02-13 10:07:34', '2019-02-13 10:07:34'),
(95, 'wild rice	', '2019-02-13 10:07:34', '2019-02-13 10:07:34'),
(96, 'chocolate	', '2019-02-13 10:07:34', '2019-02-13 10:07:34'),
(97, 'chile peppers	', '2019-02-13 10:07:34', '2019-02-13 10:07:34'),
(98, 'broccoli raab	', '2019-02-13 10:07:34', '2019-02-13 10:07:34'),
(99, 'mussels	', '2019-02-13 10:07:34', '2019-02-13 10:07:34'),
(100, 'wasabi	', '2019-02-13 10:07:34', '2019-02-13 10:07:34'),
(101, 'berries	', '2019-02-13 10:07:34', '2019-02-13 10:07:34'),
(102, 'fennel	', '2019-02-13 10:07:34', '2019-02-13 10:07:34'),
(103, 'avocados	', '2019-02-13 10:07:34', '2019-02-13 10:07:34'),
(104, 'apple butter	', '2019-02-13 10:07:34', '2019-02-13 10:07:34'),
(105, 'cinnamon	', '2019-02-13 10:07:34', '2019-02-13 10:07:34'),
(106, 'pineapples	', '2019-02-13 10:07:34', '2019-02-13 10:07:34'),
(107, 'kale	', '2019-02-13 10:07:34', '2019-02-13 10:07:34'),
(108, 'huckleberries	', '2019-02-13 10:07:34', '2019-02-13 10:07:34'),
(109, 'kumquats	', '2019-02-13 10:07:34', '2019-02-13 10:07:34'),
(110, 'tortillas	', '2019-02-13 10:07:34', '2019-02-13 10:07:34'),
(111, 'beer	', '2019-02-13 10:07:34', '2019-02-13 10:07:34'),
(112, 'canola oil	', '2019-02-13 10:07:34', '2019-02-13 10:07:34'),
(113, 'potatoes	', '2019-02-13 10:07:34', '2019-02-13 10:07:34'),
(114, 'rhubarb	', '2019-02-13 10:07:34', '2019-02-13 10:07:34'),
(115, 'raspberries	', '2019-02-13 10:07:34', '2019-02-13 10:07:34'),
(116, 'Irish cream liqueur	', '2019-02-13 10:07:34', '2019-02-13 10:07:34'),
(117, 'pomegranates	', '2019-02-13 10:07:34', '2019-02-13 10:07:34'),
(118, 'macaroni	', '2019-02-13 10:07:34', '2019-02-13 10:07:34'),
(119, 'romaine lettuce	', '2019-02-13 10:07:34', '2019-02-13 10:07:34'),
(120, 'andouille sausage	', '2019-02-13 10:07:34', '2019-02-13 10:07:34'),
(121, 'kidney beans	', '2019-02-13 10:07:34', '2019-02-13 10:07:34'),
(122, 'tonic water	', '2019-02-13 10:07:34', '2019-02-13 10:07:34'),
(123, 'cantaloupes	', '2019-02-13 10:07:34', '2019-02-13 10:07:34'),
(124, 'trout	', '2019-02-13 10:07:34', '2019-02-13 10:07:34'),
(125, 'baking soda	', '2019-02-13 10:07:34', '2019-02-13 10:07:34'),
(126, 'ricotta cheese	', '2019-02-13 10:07:34', '2019-02-13 10:07:34'),
(127, 'salsa	', '2019-02-13 10:07:34', '2019-02-13 10:07:34'),
(128, 'milk	', '2019-02-13 10:07:34', '2019-02-13 10:07:34'),
(129, 'lamb	', '2019-02-13 10:07:34', '2019-02-13 10:07:34'),
(130, 'amaretto	', '2019-02-13 10:07:34', '2019-02-13 10:07:34'),
(131, 'raw sugar	', '2019-02-13 10:07:34', '2019-02-13 10:07:34'),
(132, 'peaches	', '2019-02-13 10:07:34', '2019-02-13 10:07:34'),
(133, 'dill	', '2019-02-13 10:07:34', '2019-02-13 10:07:34'),
(134, 'cider	', '2019-02-13 10:07:34', '2019-02-13 10:07:34'),
(135, 'buttermilk	', '2019-02-13 10:07:34', '2019-02-13 10:07:34'),
(136, 'curry powder	', '2019-02-13 10:07:34', '2019-02-13 10:07:34'),
(137, 'chipotle peppers	', '2019-02-13 10:07:34', '2019-02-13 10:07:34'),
(138, 'asparagus	', '2019-02-13 10:07:34', '2019-02-13 10:07:34'),
(139, 'hash browns	', '2019-02-13 10:07:34', '2019-02-13 10:07:34'),
(140, 'capers	', '2019-02-13 10:07:34', '2019-02-13 10:07:34'),
(141, 'beets	', '2019-02-13 10:07:34', '2019-02-13 10:07:34'),
(142, 'figs	', '2019-02-13 10:07:34', '2019-02-13 10:07:34'),
(143, 'shrimp	', '2019-02-13 10:07:34', '2019-02-13 10:07:34'),
(144, 'angelica	', '2019-02-13 10:07:34', '2019-02-13 10:07:34'),
(145, 'date sugar	', '2019-02-13 10:07:34', '2019-02-13 10:07:34'),
(146, 'barley sugar	', '2019-02-13 10:07:34', '2019-02-13 10:07:34'),
(147, 'soymilk	', '2019-02-13 10:07:34', '2019-02-13 10:07:34'),
(148, 'tea	', '2019-02-13 10:07:34', '2019-02-13 10:07:34'),
(149, 'curry paste	', '2019-02-13 10:07:34', '2019-02-13 10:07:34'),
(150, 'bay leaves	', '2019-02-13 10:07:34', '2019-02-13 10:07:34'),
(151, 'sugar	', '2019-02-13 10:07:34', '2019-02-13 10:07:34'),
(152, 'brazil nuts	', '2019-02-13 10:07:34', '2019-02-13 10:07:34'),
(153, 'bouillon	', '2019-02-13 10:07:34', '2019-02-13 10:07:34'),
(154, 'turkeys	', '2019-02-13 10:07:34', '2019-02-13 10:07:34'),
(155, 'scallops	', '2019-02-13 10:07:34', '2019-02-13 10:07:34'),
(156, 'octopus	', '2019-02-13 10:07:34', '2019-02-13 10:07:34'),
(157, 'coconuts	', '2019-02-13 10:07:34', '2019-02-13 10:07:34'),
(158, 'olive oil	', '2019-02-13 10:07:34', '2019-02-13 10:07:34'),
(159, 'white beans	', '2019-02-13 10:07:34', '2019-02-13 10:07:34'),
(160, 'breadcrumbs	', '2019-02-13 10:07:34', '2019-02-13 10:07:34'),
(161, 'turtle	', '2019-02-13 10:07:34', '2019-02-13 10:07:34'),
(162, 'rice	', '2019-02-13 10:07:34', '2019-02-13 10:07:34'),
(163, 'ancho chile peppers	', '2019-02-13 10:07:34', '2019-02-13 10:07:34'),
(164, 'paprika	', '2019-02-13 10:07:34', '2019-02-13 10:07:34'),
(165, 'watermelons	', '2019-02-13 10:07:34', '2019-02-13 10:07:34'),
(166, 'carrots	', '2019-02-13 10:07:34', '2019-02-13 10:07:34'),
(167, 'poppy seeds	', '2019-02-13 10:07:34', '2019-02-13 10:07:34'),
(168, 'haddock	', '2019-02-13 10:07:34', '2019-02-13 10:07:34'),
(169, 'brunoise	', '2019-02-13 10:07:34', '2019-02-13 10:07:34'),
(170, 'unsweetened chocolate	', '2019-02-13 10:07:34', '2019-02-13 10:07:34'),
(171, 'truffles	', '2019-02-13 10:07:34', '2019-02-13 10:07:34'),
(172, 'tarragon	', '2019-02-13 10:07:34', '2019-02-13 10:07:34'),
(173, 'baguette	', '2019-02-13 10:07:34', '2019-02-13 10:07:34'),
(174, 'colby cheese	', '2019-02-13 10:07:34', '2019-02-13 10:07:34'),
(175, 'pumpkin seeds	', '2019-02-13 10:07:34', '2019-02-13 10:07:34'),
(176, 'olives	', '2019-02-13 10:07:34', '2019-02-13 10:07:34'),
(177, 'tofu	', '2019-02-13 10:07:34', '2019-02-13 10:07:34'),
(178, 'flounder	', '2019-02-13 10:07:34', '2019-02-13 10:07:34'),
(179, 'Cappuccino Latte	', '2019-02-13 10:07:34', '2019-02-13 10:07:34'),
(180, 'swordfish	', '2019-02-13 10:07:34', '2019-02-13 10:07:34'),
(181, 'ham	', '2019-02-13 10:07:34', '2019-02-13 10:07:34'),
(182, 'cooking wine	', '2019-02-13 10:07:34', '2019-02-13 10:07:34'),
(183, 'curry leaves	', '2019-02-13 10:07:34', '2019-02-13 10:07:34'),
(184, 'moo shu wrappers	', '2019-02-13 10:07:34', '2019-02-13 10:07:34'),
(185, 'anchovies	', '2019-02-13 10:07:34', '2019-02-13 10:07:34'),
(186, 'leeks	', '2019-02-13 10:07:34', '2019-02-13 10:07:34'),
(187, 'brown rice	', '2019-02-13 10:07:34', '2019-02-13 10:07:34'),
(188, 'garlic	', '2019-02-13 10:07:34', '2019-02-13 10:07:34'),
(189, 'pink beans	', '2019-02-13 10:07:34', '2019-02-13 10:07:34'),
(190, 'borscht	', '2019-02-13 10:07:34', '2019-02-13 10:07:34'),
(191, 'rice wine	', '2019-02-13 10:07:34', '2019-02-13 10:07:34'),
(192, 'orange peels	', '2019-02-13 10:07:34', '2019-02-13 10:07:34'),
(193, 'granola	', '2019-02-13 10:07:34', '2019-02-13 10:07:34'),
(194, 'mushrooms	', '2019-02-13 10:07:34', '2019-02-13 10:07:34'),
(195, 'jack cheese	', '2019-02-13 10:07:34', '2019-02-13 10:07:34'),
(196, 'crabs	', '2019-02-13 10:07:34', '2019-02-13 10:07:34'),
(197, 'succotash	', '2019-02-13 10:07:34', '2019-02-13 10:07:34'),
(198, 'sherry	', '2019-02-13 10:07:34', '2019-02-13 10:07:34'),
(199, 'gelatin	', '2019-02-13 10:07:34', '2019-02-13 10:07:34'),
(200, 'liver	', '2019-02-13 10:07:34', '2019-02-13 10:07:34'),
(201, 'black beans	', '2019-02-13 10:07:34', '2019-02-13 10:07:34'),
(202, 'bean sprouts	', '2019-02-13 10:07:34', '2019-02-13 10:07:34'),
(203, 'mayonnaise	', '2019-02-13 10:07:34', '2019-02-13 10:07:34'),
(204, 'sweet peppers	', '2019-02-13 10:07:34', '2019-02-13 10:07:34'),
(205, 'pigs feet	', '2019-02-13 10:07:34', '2019-02-13 10:07:34'),
(206, 'chives	', '2019-02-13 10:07:34', '2019-02-13 10:07:34'),
(207, 'fennel seeds	', '2019-02-13 10:07:34', '2019-02-13 10:07:34'),
(208, 'acorn squash	', '2019-02-13 10:07:34', '2019-02-13 10:07:34'),
(209, 'brandy	', '2019-02-13 10:07:34', '2019-02-13 10:07:34'),
(210, 'spearmint	', '2019-02-13 10:07:34', '2019-02-13 10:07:34'),
(211, 'Parmesan cheese	', '2019-02-13 10:07:34', '2019-02-13 10:07:34'),
(212, 'arugula	', '2019-02-13 10:07:34', '2019-02-13 10:07:34'),
(213, 'pumpkins	', '2019-02-13 10:07:34', '2019-02-13 10:07:34'),
(214, 'applesauce	', '2019-02-13 10:07:34', '2019-02-13 10:07:34'),
(215, 'coconut oil	', '2019-02-13 10:07:34', '2019-02-13 10:07:34'),
(216, 'pistachios	', '2019-02-13 10:07:34', '2019-02-13 10:07:34'),
(217, 'herring	', '2019-02-13 10:07:34', '2019-02-13 10:07:34'),
(218, 'pesto	', '2019-02-13 10:07:34', '2019-02-13 10:07:34'),
(219, 'clams	', '2019-02-13 10:07:34', '2019-02-13 10:07:34'),
(220, 'aquavit	', '2019-02-13 10:07:34', '2019-02-13 10:07:34'),
(221, 'monkfish	', '2019-02-13 10:07:34', '2019-02-13 10:07:34'),
(222, 'celery seeds	', '2019-02-13 10:07:34', '2019-02-13 10:07:34'),
(223, 'lobsters	', '2019-02-13 10:07:34', '2019-02-13 10:07:34'),
(224, 'broth	', '2019-02-13 10:07:34', '2019-02-13 10:07:34'),
(225, 'vermouth	', '2019-02-13 10:07:34', '2019-02-13 10:07:34'),
(226, 'sesame seeds	', '2019-02-13 10:07:34', '2019-02-13 10:07:34'),
(227, 'grits	', '2019-02-13 10:07:34', '2019-02-13 10:07:34'),
(228, 'cabbage	', '2019-02-13 10:07:34', '2019-02-13 10:07:34'),
(229, 'rose water	', '2019-02-13 10:07:34', '2019-02-13 10:07:34'),
(230, 'plantains	', '2019-02-13 10:07:34', '2019-02-13 10:07:34'),
(231, 'pears	', '2019-02-13 10:07:34', '2019-02-13 10:07:34'),
(232, 'pepper	', '2019-02-13 10:07:34', '2019-02-13 10:07:34'),
(233, 'soybeans	', '2019-02-13 10:07:34', '2019-02-13 10:07:34'),
(234, 'remoulade	', '2019-02-13 10:07:34', '2019-02-13 10:07:34'),
(235, 'rice vinegar	', '2019-02-13 10:07:34', '2019-02-13 10:07:34'),
(236, 'green onions	', '2019-02-13 10:07:34', '2019-02-13 10:07:34'),
(237, 'water	', '2019-02-13 10:07:34', '2019-02-13 10:07:34'),
(238, 'dates	', '2019-02-13 10:07:34', '2019-02-13 10:07:34'),
(239, 'bananas	', '2019-02-13 10:07:34', '2019-02-13 10:07:34'),
(240, 'bacon grease	', '2019-02-13 10:07:34', '2019-02-13 10:07:34'),
(241, 'flax seed	', '2019-02-13 10:07:34', '2019-02-13 10:07:34'),
(242, 'heavy cream	', '2019-02-13 10:07:34', '2019-02-13 10:07:34'),
(243, 'panko bread crumbs	', '2019-02-13 10:07:34', '2019-02-13 10:07:34'),
(244, 'passion fruit	', '2019-02-13 10:07:34', '2019-02-13 10:07:34'),
(245, 'honey	', '2019-02-13 10:07:34', '2019-02-13 10:07:34'),
(246, 'caviar	', '2019-02-13 10:07:34', '2019-02-13 10:07:34'),
(247, 'sushi	', '2019-02-13 10:07:34', '2019-02-13 10:07:34'),
(248, 'melons	', '2019-02-13 10:07:34', '2019-02-13 10:07:34'),
(249, 'cucumbers	', '2019-02-13 10:07:34', '2019-02-13 10:07:34'),
(250, 'wine	', '2019-02-13 10:07:34', '2019-02-13 10:07:34'),
(251, 'marshmallows	', '2019-02-13 10:07:34', '2019-02-13 10:07:34'),
(252, 'tomatoes	', '2019-02-13 10:07:34', '2019-02-13 10:07:34'),
(253, 'Romano cheese	', '2019-02-13 10:07:34', '2019-02-13 10:07:34'),
(254, 'cayenne pepper	', '2019-02-13 10:07:34', '2019-02-13 10:07:34'),
(255, 'lemon Peel	', '2019-02-13 10:07:34', '2019-02-13 10:07:34'),
(256, 'cauliflower	', '2019-02-13 10:07:34', '2019-02-13 10:07:34'),
(257, 'vanilla bean	', '2019-02-13 10:07:34', '2019-02-13 10:07:34'),
(258, 'vegemite	', '2019-02-13 10:07:34', '2019-02-13 10:07:34'),
(259, 'custard	', '2019-02-13 10:07:34', '2019-02-13 10:07:34'),
(260, 'lettuce	', '2019-02-13 10:07:34', '2019-02-13 10:07:34'),
(261, 'sea cucumbers	', '2019-02-13 10:07:34', '2019-02-13 10:07:34'),
(262, 'flour	', '2019-02-13 10:07:34', '2019-02-13 10:07:34'),
(263, 'feta cheese	', '2019-02-13 10:07:34', '2019-02-13 10:07:34'),
(264, 'bean threads	', '2019-02-13 10:07:34', '2019-02-13 10:07:34'),
(265, 'molasses	', '2019-02-13 10:07:34', '2019-02-13 10:07:34'),
(266, 'grapefruits	', '2019-02-13 10:07:34', '2019-02-13 10:07:34'),
(267, 'pork	', '2019-02-13 10:07:34', '2019-02-13 10:07:34'),
(268, 'anchovy paste	', '2019-02-13 10:07:34', '2019-02-13 10:07:34'),
(269, 'salt	', '2019-02-13 10:07:34', '2019-02-13 10:07:34'),
(270, 'margarine	', '2019-02-13 10:07:34', '2019-02-13 10:07:34'),
(272, 'maraschino cherries	', '2019-02-13 10:07:34', '2019-02-13 10:07:34'),
(273, 'tomato paste	', '2019-02-13 10:07:34', '2019-02-13 10:07:34'),
(274, 'creme fraiche	', '2019-02-13 10:07:34', '2019-02-13 10:07:34'),
(275, 'couscous	', '2019-02-13 10:07:34', '2019-02-13 10:07:34'),
(276, 'wine vinegar	', '2019-02-13 10:07:34', '2019-02-13 10:07:34'),
(277, 'red beans	', '2019-02-13 10:07:34', '2019-02-13 10:07:34'),
(278, 'asiago cheese	', '2019-02-13 10:07:34', '2019-02-13 10:07:34'),
(279, 'rice paper	', '2019-02-13 10:07:34', '2019-02-13 10:07:34'),
(280, 'cocoa powder	', '2019-02-13 10:07:34', '2019-02-13 10:07:34'),
(281, 'corn flour	', '2019-02-13 10:07:34', '2019-02-13 10:07:34'),
(282, 'cilantro	', '2019-02-13 10:07:34', '2019-02-13 10:07:34'),
(283, 'brussels sprouts	', '2019-02-13 10:07:34', '2019-02-13 10:07:34'),
(284, 'strawberries	', '2019-02-13 10:07:34', '2019-02-13 10:07:34'),
(285, 'chickpeas	', '2019-02-13 10:07:34', '2019-02-13 10:07:34'),
(286, 'ketchup	', '2019-02-13 10:07:34', '2019-02-13 10:07:34'),
(287, 'apple pie spice	', '2019-02-13 10:07:34', '2019-02-13 10:07:34'),
(288, 'corn	', '2019-02-13 10:07:34', '2019-02-13 10:07:34'),
(289, 'alfredo sauce	', '2019-02-13 10:07:34', '2019-02-13 10:07:34'),
(290, 'cannellini beans	', '2019-02-13 10:07:34', '2019-02-13 10:07:34'),
(291, 'Kahlua	', '2019-02-13 10:07:34', '2019-02-13 10:07:34'),
(292, 'powdered sugar	', '2019-02-13 10:07:34', '2019-02-13 10:07:34'),
(293, 'cumin	', '2019-02-13 10:07:34', '2019-02-13 10:07:34'),
(294, 'peanuts	', '2019-02-13 10:07:34', '2019-02-13 10:07:34'),
(295, 'cookies	', '2019-02-13 10:07:34', '2019-02-13 10:07:34'),
(296, 'dumpling	', '2019-02-13 10:07:34', '2019-02-13 10:07:34'),
(297, 'chutney	', '2019-02-13 10:07:34', '2019-02-13 10:07:34'),
(298, 'hamburger	', '2019-02-13 10:07:34', '2019-02-13 10:07:34'),
(299, 'artificial sweetener	', '2019-02-13 10:07:34', '2019-02-13 10:07:34'),
(300, 'Mandarin oranges	', '2019-02-13 10:07:34', '2019-02-13 10:07:34'),
(301, 'chambord	', '2019-02-13 10:07:34', '2019-02-13 10:07:34'),
(302, 'horseradish	', '2019-02-13 10:07:34', '2019-02-13 10:07:34'),
(303, 'ginger ale	', '2019-02-13 10:07:34', '2019-02-13 10:07:34'),
(304, 'prunes	', '2019-02-13 10:07:34', '2019-02-13 10:07:34'),
(305, 'fish sauce	', '2019-02-13 10:07:34', '2019-02-13 10:07:34'),
(306, 'lima beans	', '2019-02-13 10:07:34', '2019-02-13 10:07:34'),
(307, 'balsamic vinegar	', '2019-02-13 10:07:34', '2019-02-13 10:07:34'),
(308, 'English muffins	', '2019-02-13 10:07:34', '2019-02-13 10:07:34'),
(309, 'cream of tartar	', '2019-02-13 10:07:34', '2019-02-13 10:07:34'),
(310, 'swiss cheese	', '2019-02-13 10:07:34', '2019-02-13 10:07:34'),
(311, 'pico de gallo	', '2019-02-13 10:07:34', '2019-02-13 10:07:34'),
(312, 'hot sauce	', '2019-02-13 10:07:34', '2019-02-13 10:07:34'),
(313, 'vinegar	', '2019-02-13 10:07:34', '2019-02-13 10:07:34'),
(314, 'aioli	', '2019-02-13 10:07:34', '2019-02-13 10:07:34'),
(315, 'provolone	', '2019-02-13 10:07:34', '2019-02-13 10:07:34'),
(316, 'habanero chilies	', '2019-02-13 10:07:34', '2019-02-13 10:07:34'),
(317, 'pheasants	', '2019-02-13 10:07:34', '2019-02-13 10:07:34'),
(318, 'quail	', '2019-02-13 10:07:34', '2019-02-13 10:07:34'),
(319, 'soy sauce	', '2019-02-13 10:07:34', '2019-02-13 10:07:34'),
(320, 'bard	', '2019-02-13 10:07:34', '2019-02-13 10:07:34'),
(321, 'lemon grass	', '2019-02-13 10:07:34', '2019-02-13 10:07:34'),
(322, 'kiwi	', '2019-02-13 10:07:34', '2019-02-13 10:07:34'),
(323, 'rosemary	', '2019-02-13 10:07:34', '2019-02-13 10:07:34'),
(324, 'spinach	', '2019-02-13 10:07:34', '2019-02-13 10:07:34'),
(325, 'radishes	', '2019-02-13 10:07:34', '2019-02-13 10:07:34'),
(326, 'white chocolate	', '2019-02-13 10:07:34', '2019-02-13 10:07:34'),
(327, 'ale	', '2019-02-13 10:07:34', '2019-02-13 10:07:34'),
(328, 'half-and-half	', '2019-02-13 10:07:34', '2019-02-13 10:07:34'),
(329, 'turnips	', '2019-02-13 10:07:34', '2019-02-13 10:07:34'),
(330, 'black-eyed peas	', '2019-02-13 10:07:34', '2019-02-13 10:07:34'),
(331, 'lemon juice	', '2019-02-13 10:07:34', '2019-02-13 10:07:34'),
(332, 'raisins	', '2019-02-13 10:07:34', '2019-02-13 10:07:34'),
(333, 'black olives	', '2019-02-13 10:07:34', '2019-02-13 10:07:34'),
(334, 'portabella mushrooms	', '2019-02-13 10:07:34', '2019-02-13 10:07:34'),
(335, 'mesclun greens	', '2019-02-13 10:07:34', '2019-02-13 10:07:34'),
(336, 'green beans	', '2019-02-13 10:07:34', '2019-02-13 10:07:34'),
(337, 'sazon	', '2019-02-13 10:07:34', '2019-02-13 10:07:34'),
(338, 'snapper	', '2019-02-13 10:07:34', '2019-02-13 10:07:34'),
(339, 'squid	', '2019-02-13 10:07:34', '2019-02-13 10:07:34'),
(340, 'onions	', '2019-02-13 10:07:34', '2019-02-13 10:07:34'),
(341, 'broccoli	', '2019-02-13 10:07:34', '2019-02-13 10:07:34'),
(342, 'prosciutto	', '2019-02-13 10:07:34', '2019-02-13 10:07:34'),
(343, 'halibut	', '2019-02-13 10:07:34', '2019-02-13 10:07:34'),
(344, 'grouper	', '2019-02-13 10:07:34', '2019-02-13 10:07:34'),
(345, 'Worcestershire sauce	', '2019-02-13 10:07:34', '2019-02-13 10:07:34'),
(346, 'geese	', '2019-02-13 10:07:34', '2019-02-13 10:07:34'),
(347, 'salmon	', '2019-02-13 10:07:34', '2019-02-13 10:07:34'),
(348, 'maple syrup	', '2019-02-13 10:07:34', '2019-02-13 10:07:34'),
(349, 'bacon	', '2019-02-13 10:07:34', '2019-02-13 10:07:34'),
(350, 'tartar sauce	', '2019-02-13 10:07:34', '2019-02-13 10:07:34'),
(351, 'blue cheese	', '2019-02-13 10:07:34', '2019-02-13 10:07:34'),
(352, 'summer squash	', '2019-02-13 10:07:34', '2019-02-13 10:07:34'),
(353, 'cherries	', '2019-02-13 10:07:34', '2019-02-13 10:07:34'),
(354, 'sweet chili sauce	', '2019-02-13 10:07:34', '2019-02-13 10:07:34'),
(355, 'duck	', '2019-02-13 10:07:34', '2019-02-13 10:07:34'),
(356, 'eel	', '2019-02-13 10:07:34', '2019-02-13 10:07:34'),
(357, 'prawns	', '2019-02-13 10:07:34', '2019-02-13 10:07:34'),
(358, 'eggplants	', '2019-02-13 10:07:34', '2019-02-13 10:07:34'),
(359, 'chai	', '2019-02-13 10:07:34', '2019-02-13 10:07:34'),
(360, 'ice cream	', '2019-02-13 10:07:34', '2019-02-13 10:07:34'),
(361, 'catfish	', '2019-02-13 10:07:34', '2019-02-13 10:07:34'),
(362, 'split peas	', '2019-02-13 10:07:34', '2019-02-13 10:07:34'),
(363, 'zest	', '2019-02-13 10:07:34', '2019-02-13 10:07:34'),
(364, 'baking powder	', '2019-02-13 10:07:34', '2019-02-13 10:07:34'),
(365, 'sour cream	', '2019-02-13 10:07:34', '2019-02-13 10:07:34'),
(366, 'bean sauce	', '2019-02-13 10:07:34', '2019-02-13 10:07:34'),
(367, 'mint	', '2019-02-13 10:07:34', '2019-02-13 10:07:34'),
(368, 'dried leeks	', '2019-02-13 10:07:34', '2019-02-13 10:07:34'),
(369, 'sardines	', '2019-02-13 10:07:34', '2019-02-13 10:07:34'),
(370, 'beef	', '2019-02-13 10:07:34', '2019-02-13 10:07:34'),
(371, 'lentils	', '2019-02-13 10:07:34', '2019-02-13 10:07:34'),
(372, 'marmalade	', '2019-02-13 10:07:34', '2019-02-13 10:07:34'),
(373, 'barley	', '2019-02-13 10:07:34', '2019-02-13 10:07:34'),
(374, 'papayas	', '2019-02-13 10:07:34', '2019-02-13 10:07:34'),
(375, 'squash	', '2019-02-13 10:07:34', '2019-02-13 10:07:34'),
(376, 'sweet potatoes	', '2019-02-13 10:07:34', '2019-02-13 10:07:34'),
(377, 'yogurt	', '2019-02-13 10:07:34', '2019-02-13 10:07:34'),
(378, 'bagels	', '2019-02-13 10:07:34', '2019-02-13 10:07:34'),
(379, 'shallots	', '2019-02-13 10:07:34', '2019-02-13 10:07:34'),
(380, 'potato chips	', '2019-02-13 10:07:34', '2019-02-13 10:07:34'),
(381, 'walnuts	', '2019-02-13 10:07:34', '2019-02-13 10:07:34'),
(382, 'brown sugar	', '2019-02-13 10:07:34', '2019-02-13 10:07:34'),
(383, 'hazelnuts	', '2019-02-13 10:07:34', '2019-02-13 10:07:34'),
(384, 'onion powder	', '2019-02-13 10:07:34', '2019-02-13 10:07:34'),
(385, 'chard	', '2019-02-13 10:07:34', '2019-02-13 10:07:34'),
(386, 'mustard	', '2019-02-13 10:07:34', '2019-02-13 10:07:34'),
(387, 'oranges	', '2019-02-13 10:07:34', '2019-02-13 10:07:34'),
(388, 'lemons	', '2019-02-13 10:07:34', '2019-02-13 10:07:34'),
(389, 'cornmeal	', '2019-02-13 10:07:34', '2019-02-13 10:07:34'),
(390, 'chicory	', '2019-02-13 10:07:34', '2019-02-13 10:07:34'),
(391, 'Havarti cheese	', '2019-02-13 10:07:34', '2019-02-13 10:07:34'),
(392, 'pea beans	', '2019-02-13 10:07:34', '2019-02-13 10:07:34'),
(393, 'bruschetta	', '2019-02-13 10:07:34', '2019-02-13 10:07:34'),
(394, 'corned beef	', '2019-02-13 10:07:34', '2019-02-13 10:07:34'),
(395, 'ginger	', '2019-02-13 10:07:34', '2019-02-13 10:07:34'),
(396, 'butter	', '2019-02-13 10:07:34', '2019-02-13 10:07:34'),
(397, 'mustard seeds	', '2019-02-13 10:07:34', '2019-02-13 10:07:34'),
(398, 'chicken	', '2019-02-13 10:07:34', '2019-02-13 10:07:34'),
(399, 'adobo	', '2019-02-13 10:07:34', '2019-02-13 10:07:34'),
(400, 'corn syrup	', '2019-02-13 10:07:34', '2019-02-13 10:07:34'),
(401, 'rabbits	', '2019-02-13 10:07:34', '2019-02-13 10:07:34'),
(402, 'chestnuts	', '2019-02-13 10:07:34', '2019-02-13 10:07:34'),
(403, 'cottage cheese	', '2019-02-13 10:07:34', '2019-02-13 10:07:34'),
(404, 'spaghetti squash	', '2019-02-13 10:07:34', '2019-02-13 10:07:34'),
(405, 'cashew nut	', '2019-02-13 10:07:34', '2019-02-13 10:07:34'),
(406, 'chili powder	', '2019-02-13 10:07:34', '2019-02-13 10:07:34'),
(407, 'sauerkraut	', '2019-02-13 10:07:34', '2019-02-13 10:07:34'),
(408, 'parsley	', '2019-02-13 10:07:34', '2019-02-13 10:07:34'),
(409, 'plum tomatoes	', '2019-02-13 10:07:34', '2019-02-13 10:07:34'),
(410, 'peanut butter	', '2019-02-13 10:07:34', '2019-02-13 10:07:34'),
(411, 'artichokes	', '2019-02-13 10:07:34', '2019-02-13 10:07:34'),
(412, 'basil	', '2019-02-13 10:07:34', '2019-02-13 10:07:34'),
(413, 'hoisin sauce	', '2019-02-13 10:07:34', '2019-02-13 10:07:34'),
(414, 'pickles	', '2019-02-13 10:07:34', '2019-02-13 10:07:34'),
(415, 'mascarpone	', '2019-02-13 10:07:34', '2019-02-13 10:07:34'),
(416, 'honeydew melons	', '2019-02-13 10:07:34', '2019-02-13 10:07:34'),
(417, 'pecans	', '2019-02-13 10:07:34', '2019-02-13 10:07:34'),
(418, 'sunflower seeds	', '2019-02-13 10:07:34', '2019-02-13 10:07:34'),
(419, 'tomato', '2019-02-16 16:22:11', '2019-02-16 16:22:11'),
(420, 'chicken thighs', '2019-02-20 12:55:05', '2019-02-20 12:55:05'),
(421, 'chicken drumsticks', '2019-02-20 12:57:36', '2019-02-20 12:57:36'),
(422, 'soft dark brown sugar', '2019-02-20 12:57:52', '2019-02-20 12:57:52'),
(423, 'chilli flakes', '2019-02-20 12:58:28', '2019-02-20 12:58:28'),
(424, 'sweet smoked paprika', '2019-02-20 12:59:39', '2019-02-20 12:59:39'),
(425, 'ground cumin', '2019-02-20 13:00:04', '2019-02-20 13:00:04'),
(426, 'butter', '2019-02-20 13:01:06', '2019-02-20 13:01:06'),
(427, 'maple syrup', '2019-02-20 13:01:56', '2019-02-20 13:01:56'),
(428, 'beef short ribs', '2019-02-20 13:14:58', '2019-02-20 13:14:58'),
(429, 'boned pork shoulder', '2019-02-20 13:15:14', '2019-02-20 13:15:14'),
(430, 'full-fat milk', '2019-02-20 13:18:55', '2019-02-20 13:18:55'),
(431, 'salt flakes', '2019-02-20 14:01:46', '2019-02-20 14:01:46'),
(432, 'thyme   sprigs', '2019-02-23 12:08:58', '2019-02-23 12:08:58'),
(433, 'vegetable oil', '2019-02-23 12:10:46', '2019-02-23 12:10:46'),
(435, 'beef stock cubes', '2019-02-23 12:18:44', '2019-02-23 12:18:44'),
(437, 'rosemary sprigs', '2019-02-23 12:32:54', '2019-02-23 12:32:54'),
(442, 'celery seeds', '2019-02-23 12:47:45', '2019-02-23 12:47:45'),
(443, 'feather blade beef', '2019-02-23 12:50:16', '2019-02-23 12:50:16'),
(444, 'Dijon mustard', '2019-02-23 12:50:27', '2019-02-23 12:50:27'),
(445, 'long grain rice', '2019-02-23 12:50:57', '2019-02-23 12:50:57'),
(446, 'sage   leaves', '2019-02-23 12:52:27', '2019-02-23 12:52:27'),
(447, 'spring onions', '2019-02-23 12:52:49', '2019-02-23 12:52:49'),
(448, 'plain flour', '2019-02-23 12:53:31', '2019-02-23 12:53:31'),
(449, 'eggs', '2019-02-23 12:53:41', '2019-02-23 12:53:41'),
(450, 'Cumberland sausages', '2019-02-23 12:54:16', '2019-02-23 12:54:16'),
(451, 'instant yeast', '2019-02-24 15:31:36', '2019-02-24 15:31:36'),
(452, 'passata', '2019-02-24 15:31:46', '2019-02-24 15:31:46'),
(454, 'mozzarella', '2019-02-24 15:32:22', '2019-02-24 15:32:22'),
(455, 'parmesan', '2019-02-24 15:32:40', '2019-02-24 15:32:40'),
(456, 'cherry tomatoes', '2019-02-24 15:32:50', '2019-02-24 15:32:50'),
(457, 'sunflower oil', '2019-02-24 16:08:17', '2019-02-24 16:08:17'),
(458, 'onion', '2019-02-24 16:08:24', '2019-02-24 16:08:24'),
(459, 'red chilli', '2019-02-24 16:08:34', '2019-02-24 16:08:34'),
(460, 'curry spice', '2019-02-24 16:08:44', '2019-02-24 16:08:44'),
(461, 'potato', '2019-02-24 16:09:06', '2019-02-24 16:09:06'),
(462, 'coriander', '2019-02-24 16:09:15', '2019-02-24 16:09:15'),
(463, 'ground cinnamon', '2019-02-25 10:27:02', '2019-02-25 10:27:02'),
(464, 'sushi rice', '2019-02-25 22:59:21', '2019-02-25 22:59:21'),
(465, 'dashi', '2019-02-25 22:59:51', '2019-02-25 22:59:51'),
(466, 'mirin', '2019-02-25 23:00:22', '2019-02-25 23:00:22'),
(467, 'katsuobushi flakes', '2019-02-25 23:01:08', '2019-02-25 23:01:08'),
(468, 'Guinness', '2019-02-26 07:11:35', '2019-02-26 07:11:35'),
(469, 'muscovado sugar', '2019-02-26 07:12:13', '2019-02-26 07:12:13'),
(470, 'paneer', '2019-02-26 07:16:10', '2019-02-26 07:16:10'),
(471, 'garam masala', '2019-02-26 07:19:43', '2019-02-26 07:19:43'),
(472, 'naan bread', '2019-02-26 07:21:10', '2019-02-26 07:21:10'),
(473, 'bulgur wheat', '2019-02-26 07:43:46', '2019-02-26 07:43:46'),
(474, 'vegetable stock', '2019-02-26 07:44:18', '2019-02-26 07:44:18'),
(475, 'Morroccan spice mix', '2019-02-26 07:44:49', '2019-02-26 07:44:49'),
(476, 'broad beans', '2019-02-26 07:50:06', '2019-02-26 07:50:06');

-- --------------------------------------------------------

--
-- Table structure for table `ingredient_recipe`
--

CREATE TABLE `ingredient_recipe` (
  `ingredient_recipe_id` int(10) UNSIGNED NOT NULL,
  `recipe_id` int(10) UNSIGNED NOT NULL,
  `Ingredient_id` int(10) UNSIGNED NOT NULL,
  `quantities` varchar(40) DEFAULT NULL,
  `created_at` timestamp NULL DEFAULT NULL,
  `updated_at` timestamp NULL DEFAULT NULL
) ENGINE=InnoDB DEFAULT CHARSET=latin1;

--
-- Dumping data for table `ingredient_recipe`
--

INSERT INTO `ingredient_recipe` (`ingredient_recipe_id`, `recipe_id`, `Ingredient_id`, `quantities`, `created_at`, `updated_at`) VALUES
(35, 74, 448, '140g', '2019-02-23 13:07:54', '2019-02-23 13:07:54'),
(41, 74, 9, '8', '2019-02-23 13:07:54', '2019-02-23 13:07:54'),
(42, 74, 229, '4', '2019-02-23 13:07:54', '2019-02-23 13:07:54'),
(105, 79, 73, '45', '2019-02-25 10:49:33', '2019-02-25 10:49:33'),
(106, 79, 376, '2', '2019-02-25 10:49:33', '2019-02-25 10:49:33'),
(107, 79, 396, '400g', '2019-02-25 10:49:33', '2019-02-25 10:49:33'),
(113, 80, 464, '300g', '2019-02-25 23:01:24', '2019-02-25 23:01:24'),
(114, 80, 465, '200ml', '2019-02-25 23:01:24', '2019-02-25 23:01:24'),
(115, 80, 466, '1 tbsp', '2019-02-25 23:01:24', '2019-02-25 23:01:24'),
(116, 80, 467, 'to serve', '2019-02-25 23:01:24', '2019-02-25 23:01:24'),
(117, 81, 468, '300ml', '2019-02-26 07:13:23', '2019-02-26 07:13:23'),
(118, 81, 245, '100ml ', '2019-02-26 07:13:23', '2019-02-26 07:13:23'),
(119, 81, 469, '250g ', '2019-02-26 07:13:23', '2019-02-26 07:13:23'),
(120, 81, 267, '2kg skinless, boneless loin of', '2019-02-26 07:13:23', '2019-02-26 07:13:23'),
(121, 81, 408, 'Few sprigs flat leaf', '2019-02-26 07:13:23', '2019-02-26 07:13:23'),
(130, 83, 473, '200g', '2019-02-26 07:46:17', '2019-02-26 07:46:17'),
(131, 83, 474, '250ml hot', '2019-02-26 07:46:17', '2019-02-26 07:46:17'),
(132, 83, 475, ' tsp', '2019-02-26 07:46:17', '2019-02-26 07:46:17'),
(133, 83, 388, 'zest 1', '2019-02-26 07:46:17', '2019-02-26 07:46:17'),
(134, 83, 158, '1 tbsp', '2019-02-26 07:46:17', '2019-02-26 07:46:17'),
(135, 83, 458, ' red', '2019-02-26 07:46:17', '2019-02-26 07:46:17'),
(136, 83, 285, '400g ', '2019-02-26 07:46:17', '2019-02-26 07:46:17'),
(137, 83, 462, 'small bunch', '2019-02-26 07:46:17', '2019-02-26 07:46:17'),
(138, 84, 158, '1 tbsp', '2019-02-26 07:51:58', '2019-02-26 07:51:58'),
(139, 84, 458, '1 medium', '2019-02-26 07:51:58', '2019-02-26 07:51:58'),
(140, 84, 61, '2 sticks of ', '2019-02-26 07:51:58', '2019-02-26 07:51:58'),
(141, 84, 293, '2 tsp', '2019-02-26 07:51:58', '2019-02-26 07:51:58'),
(142, 84, 474, '600ml hot', '2019-02-26 07:51:58', '2019-02-26 07:51:58'),
(143, 84, 2, '400g can', '2019-02-26 07:51:58', '2019-02-26 07:51:58'),
(144, 84, 285, '400g can', '2019-02-26 07:51:58', '2019-02-26 07:51:58'),
(145, 84, 388, 'zest and juice ', '2019-02-26 07:51:58', '2019-02-26 07:51:58'),
(146, 84, 462, 'large handful', '2019-02-26 07:51:58', '2019-02-26 07:51:58'),
(147, 86, 433, '2 tsp', '2019-02-26 08:01:15', '2019-02-26 08:01:15'),
(148, 86, 395, 'thumb-size piece fresh root', '2019-02-26 08:01:15', '2019-02-26 08:01:15'),
(149, 86, 188, '2 cloves of', '2019-02-26 08:01:15', '2019-02-26 08:01:15'),
(150, 86, 375, ' large butternut ', '2019-02-26 08:01:15', '2019-02-26 08:01:15'),
(151, 86, 319, '2 tsp', '2019-02-26 08:01:15', '2019-02-26 08:01:15'),
(152, 86, 151, '2 tsp soft brown', '2019-02-26 08:01:15', '2019-02-26 08:01:15'),
(153, 86, 474, '200ml', '2019-02-26 08:01:15', '2019-02-26 08:01:15'),
(154, 86, 336, '100g ', '2019-02-26 08:01:15', '2019-02-26 08:01:15'),
(155, 86, 447, '4', '2019-02-26 08:01:15', '2019-02-26 08:01:15'),
(156, 74, 462, 'Small bunch', '2019-02-26 08:04:40', '2019-02-26 08:04:40'),
(157, 79, 462, 'A Small Bunch', '2019-02-26 08:06:47', '2019-02-26 08:06:47');

-- --------------------------------------------------------

--
-- Table structure for table `method`
--

CREATE TABLE `method` (
  `method_id` int(10) UNSIGNED NOT NULL,
  `method` mediumtext NOT NULL,
  `recipe_id` int(10) UNSIGNED NOT NULL,
  `created_at` timestamp NULL DEFAULT NULL,
  `updated_at` timestamp NULL DEFAULT NULL
) ENGINE=InnoDB DEFAULT CHARSET=latin1;

--
-- Dumping data for table `method`
--

INSERT INTO `method` (`method_id`, `method`, `recipe_id`, `created_at`, `updated_at`) VALUES
(169, 'Heat oven to 240C/220C fan/gas 9. In a food processor, combine the flour, eggs, milk, mustard and some salt and pepper, blitz until smooth, then leave to rest for 30 mins.', 74, '2019-02-23 13:07:54', '2019-02-23 13:07:54'),
(170, 'Pour the oil into a metal roasting tin about 30 x 23cm and 7.5cm deep. Brush the oil all over the sides and bottom, then place in the oven. When the roasting tin is very hot and smoking, place the sausages inside, evenly spread out, and cook for 5 mins.', 74, '2019-02-23 13:07:54', '2019-02-23 13:07:54'),
(171, 'Give the rested batter a stir and pour into the really hot tin  take care as it may spit. Quickly sprinkle over the sage leaves and rosemary, then place in the middle of the oven. Do not open the door for 25 mins, then check  if needed, cook for a further 5-10 mins. Cook until puffed up and brown and the batter is completely cooked through. Serve straight from the dish.', 74, '2019-02-23 13:07:54', '2019-02-23 13:07:54'),
(184, 'Heat oven to 200C/fan 180C/gas 6. Cook the sweet potatoes in boiling, salted water for about 10 mins or until just tender when pierced with a knife. Meanwhile, mix together the butter with the garlic, harissa, lemon zest, chopped coriander and some seasoning. When the potatoes are ready, drain thoroughly, mash with the ginger and seasoning, then keep warm.', 79, '2019-02-25 10:49:33', '2019-02-25 10:49:33'),
(185, 'Place the fish in a roasting tin, season, then spread half the flavoured butter over each fillet. Roast for about 8 mins until just cooked through. Serve with the ginger mash and some green veg.', 79, '2019-02-25 10:49:33', '2019-02-25 10:49:33'),
(186, 'Rinsing and soaking your rice is key to achieving the perfect texture. Measure the rice into a bowl, cover with cold water, then use your fingers to massage the grains of rice  the water will become cloudy. Drain and rinse again with fresh water. Repeat five more times until the water stays clear.', 80, '2019-02-25 23:01:24', '2019-02-25 23:01:24'),
(187, 'Tip the rinsed rice into a saucepan with 400ml water, or 200ml dashi and 200ml water, bring to the boil, then turn down the heat to a low simmer, cover with a tight-fitting lid with a steam hole and cook for 15 mins. Remove from the heat and leave to sit for another 15 mins, then stir through the mirin. Remove the lid and give it a good stir. Serve with any or all of the optional toppings.', 80, '2019-02-25 23:01:24', '2019-02-25 23:01:24'),
(188, 'To make the glaze, put the Guinness, honey and sugar into a pan. Reduce by almost half to form a sweet syrupy glaze, then allow to cool.', 81, '2019-02-26 07:13:23', '2019-02-26 07:13:23'),
(189, 'Heat oven to 200C/fan 180C/gas 6. Season the pork with pepper and salt, if you want, place on a baking tray and roast for 20 mins. Then turn the heat down to 160C/fan 140C/gas3. Remove the pork from the oven and brush all over with most of the glaze (reserving a few tbsp) cook for a further 40-50 mins, brushing and basting the pork as it cooks until its beautifully caramelised and glazed.', 81, '2019-02-26 07:13:23', '2019-02-26 07:13:23'),
(190, 'Remove the pork from the roasting tray and leave to rest. Pour the remaining glaze into the roasting tray, then add the wine, Champagne or water. Place the pan on the heat and bring everything to the boil, simmer for a few mins until you have thick gravy. Carve pork into thin slices and place on top of the colcannon (see separate recipe). Glaze with the Guinness syrup, drizzle a little on the plates and finish with a sprig of parsley.', 81, '2019-02-26 07:13:23', '2019-02-26 07:13:23'),
(193, 'In a large microwave proof bowl, cover the bulgur wheat with stock. Cover with cling film and microwave on High for 4 mins. Set aside, covered; it will absorb the stock within another 5 mins. Make a dressing with spice mix, lemon zest and juice and olive oil, then season to taste. Add the onion, chickpeas, peppers and coriander, toss through the cooked bulgur wheat and serve warm or cold.', 83, '2019-02-26 07:46:17', '2019-02-26 07:46:17'),
(194, 'Heat the oil in a large saucepan, then fry the onion and celery gently for 10 mins until softened, stirring frequently. Tip in the cumin and fry for another min.', 84, '2019-02-26 07:51:58', '2019-02-26 07:51:58'),
(195, 'Turn up the heat, then add the stock, tomatoes and chickpeas, plus a good grind of black pepper. Simmer for 8 mins. Throw in broad beans and lemon juice, cook for a further 2 mins. Season to taste, then top with a sprinkling of lemon zest and chopped herbs. Serve with flatbread.', 84, '2019-02-26 07:51:58', '2019-02-26 07:51:58'),
(196, 'Heat the oil in a medium-size, lidded saucepan. Add the ginger and garlic, then stir-fry for about 5 mins. Add the squash, soy sauce, sugar and stock. Cover, then simmer for 10 mins. Remove the lid, add the green beans, then cook for 3 mins more until the squash and beans are tender. Stir the spring onions through at the last minute, then sprinkle with coriander and serve with rice.', 86, '2019-02-26 08:01:15', '2019-02-26 08:01:15');

-- --------------------------------------------------------

--
-- Table structure for table `migrations`
--

CREATE TABLE `migrations` (
  `id` int(10) UNSIGNED NOT NULL,
  `migration` varchar(191) COLLATE utf8mb4_unicode_ci NOT NULL,
  `batch` int(11) NOT NULL
) ENGINE=InnoDB DEFAULT CHARSET=utf8mb4 COLLATE=utf8mb4_unicode_ci;

--
-- Dumping data for table `migrations`
--

INSERT INTO `migrations` (`id`, `migration`, `batch`) VALUES
(4, '2018_12_06_092048_create_ingredients_table', 2),
(6, '2014_10_12_000000_create_users_table', 3),
(7, '2014_10_12_100000_create_password_resets_table', 3),
(8, '2018_12_03_225824_create_categories_table', 3),
(9, '2018_12_06_123939_create_ingredients_table', 3),
(10, '2018_12_11_082718_create_categories_table', 0),
(11, '2018_12_11_082718_create_code_table', 0),
(12, '2018_12_11_082718_create_effort_level_table', 0),
(13, '2018_12_11_082718_create_ingredient_recipe_table', 0),
(14, '2018_12_11_082718_create_ingredients_table', 0),
(15, '2018_12_11_082718_create_method_table', 0),
(16, '2018_12_11_082718_create_password_resets_table', 0),
(17, '2018_12_11_082718_create_recipe_categories_table', 0),
(18, '2018_12_11_082718_create_recipes_table', 0),
(19, '2018_12_11_082718_create_users_table', 0),
(20, '2018_12_11_082720_add_foreign_keys_to_ingredient_recipe_table', 0),
(21, '2018_12_11_082720_add_foreign_keys_to_method_table', 0),
(22, '2018_12_11_082720_add_foreign_keys_to_recipe_categories_table', 0),
(23, '2018_12_11_082720_add_foreign_keys_to_recipes_table', 0),
(24, '2019_02_19_101316_create_categories_table', 0),
(25, '2019_02_19_101316_create_code_table', 0),
(26, '2019_02_19_101316_create_effort_level_table', 0),
(27, '2019_02_19_101316_create_ingredient_recipe_table', 0),
(28, '2019_02_19_101316_create_ingredients_table', 0),
(29, '2019_02_19_101316_create_method_table', 0),
(30, '2019_02_19_101316_create_nutrition_table', 0),
(31, '2019_02_19_101316_create_password_resets_table', 0),
(32, '2019_02_19_101316_create_recipe_categories_table', 0),
(33, '2019_02_19_101316_create_recipes_table', 0),
(34, '2019_02_19_101316_create_users_table', 0),
(35, '2019_02_19_101317_add_foreign_keys_to_ingredient_recipe_table', 0),
(36, '2019_02_19_101317_add_foreign_keys_to_method_table', 0),
(37, '2019_02_19_101317_add_foreign_keys_to_nutrition_table', 0),
(38, '2019_02_19_101317_add_foreign_keys_to_recipe_categories_table', 0),
(39, '2019_02_19_101317_add_foreign_keys_to_recipes_table', 0),
(40, '2019_02_19_143918_create_categories_table', 5),
(41, '2019_02_19_143918_create_code_table', 5),
(42, '2019_02_19_143918_create_effort_level_table', 5),
(43, '2019_02_19_143918_create_ingredient_recipe_table', 5),
(44, '2019_02_19_143918_create_ingredients_table', 5),
(45, '2019_02_19_143918_create_method_table', 5),
(46, '2019_02_19_143918_create_nutrition_table', 5),
(47, '2019_02_19_143918_create_password_resets_table', 5),
(48, '2019_02_19_143918_create_recipe_categories_table', 5),
(49, '2019_02_19_143918_create_recipes_table', 5),
(50, '2019_02_19_143918_create_users_table', 5),
(51, '2019_02_19_143920_add_foreign_keys_to_ingredient_recipe_table', 5),
(52, '2019_02_19_143920_add_foreign_keys_to_method_table', 5),
(53, '2019_02_19_143920_add_foreign_keys_to_nutrition_table', 5),
(54, '2019_02_19_143920_add_foreign_keys_to_recipe_categories_table', 5),
(55, '2019_02_19_143920_add_foreign_keys_to_recipes_table', 5);

-- --------------------------------------------------------

--
-- Stand-in structure for view `most_popular_ingredient`
-- (See below for the actual view)
--
CREATE TABLE `most_popular_ingredient` (
`ingredientName` varchar(191)
,`month` varchar(9)
,`number_of_times` bigint(21)
);

-- --------------------------------------------------------

--
-- Table structure for table `nutrition`
--

CREATE TABLE `nutrition` (
  `nutrition_id` int(11) NOT NULL,
  `Calories` varchar(15) DEFAULT NULL,
  `Sodium` varchar(15) DEFAULT NULL,
  `Fat` varchar(15) DEFAULT NULL,
  `protein` varchar(15) NOT NULL,
  `carbs` varchar(15) DEFAULT NULL,
  `fibre` varchar(15) DEFAULT NULL,
  `recipe_id` int(10) UNSIGNED DEFAULT NULL,
  `created_at` timestamp NULL DEFAULT NULL,
  `updated_at` timestamp NULL DEFAULT NULL
) ENGINE=InnoDB DEFAULT CHARSET=latin1;

--
-- Dumping data for table `nutrition`
--

INSERT INTO `nutrition` (`nutrition_id`, `Calories`, `Sodium`, `Fat`, `protein`, `carbs`, `fibre`, `recipe_id`, `created_at`, `updated_at`) VALUES
(7, '552', '32g', '10g', '12g', '14g', '2g', 74, '2019-02-23 13:07:54', '2019-02-23 13:07:54'),
(12, '445', '7g', '3g', '65g', '17g', '2g', 79, '2019-02-25 10:49:33', '2019-02-25 10:49:33'),
(13, '259', '3g', '10g', '4g', '8g', '10g', 80, '2019-02-25 23:01:24', '2019-02-25 23:01:24'),
(14, '725', '10g', '27g', '65g', '20g', '0g', 81, '2019-02-26 07:13:23', '2019-02-26 07:13:23'),
(16, '364', '11g', '13g', '6g', '1g', '11g', 83, '2019-02-26 07:46:17', '2019-02-26 07:46:17'),
(17, '148', '5g', '20g', '17g', '1g', '2g', 84, '2019-02-26 07:51:58', '2019-02-26 07:51:58'),
(18, '75', '2g', '5g', '8g', '7g', '1g', 86, '2019-02-26 08:01:15', '2019-02-26 08:01:15');

-- --------------------------------------------------------

--
-- Table structure for table `password_resets`
--

CREATE TABLE `password_resets` (
  `email` varchar(191) COLLATE utf8mb4_unicode_ci NOT NULL,
  `token` varchar(191) COLLATE utf8mb4_unicode_ci NOT NULL,
  `created_at` timestamp NULL DEFAULT NULL
) ENGINE=InnoDB DEFAULT CHARSET=utf8mb4 COLLATE=utf8mb4_unicode_ci;

-- --------------------------------------------------------

--
-- Table structure for table `recipes`
--

CREATE TABLE `recipes` (
  `recipe_id` int(10) UNSIGNED NOT NULL,
  `recipe_name` varchar(191) COLLATE utf8mb4_unicode_ci NOT NULL,
  `picture_location` varchar(191) COLLATE utf8mb4_unicode_ci NOT NULL,
  `effort_level_id` int(10) UNSIGNED DEFAULT NULL,
  `created_at` timestamp NULL DEFAULT NULL,
  `updated_at` timestamp NULL DEFAULT NULL,
  `vegetarian` int(2) NOT NULL,
  `code_id` int(10) UNSIGNED DEFAULT NULL,
  `Description` varchar(255) COLLATE utf8mb4_unicode_ci DEFAULT NULL,
  `Cooking_time` varchar(15) COLLATE utf8mb4_unicode_ci NOT NULL,
  `Preparation_time` varchar(15) COLLATE utf8mb4_unicode_ci DEFAULT NULL,
  `Serves` int(4) DEFAULT NULL,
  `id` int(10) UNSIGNED DEFAULT NULL
) ENGINE=InnoDB DEFAULT CHARSET=utf8mb4 COLLATE=utf8mb4_unicode_ci;

--
-- Dumping data for table `recipes`
--

INSERT INTO `recipes` (`recipe_id`, `recipe_name`, `picture_location`, `effort_level_id`, `created_at`, `updated_at`, `vegetarian`, `code_id`, `Description`, `Cooking_time`, `Preparation_time`, `Serves`, `id`) VALUES
(74, 'Herby toad in the hole', '5c7142b04b9fc_1550926512.jpg', 1, '2019-02-23 12:56:03', '2019-02-23 12:56:03', 0, 750, 'This family favourite marries meaty sausages with robust herbs and traditional, comforting Yorkshire pudding', '40 MINS', '10 MINS', 4, 1),
(79, 'Moroccan spiced fish with ginger mash', '5c73c7e7dd0ce_1551091687.jpg', 1, '2019-02-25 10:48:31', '2019-02-25 10:48:31', 0, 750, 'Spice up white fish fillets with a flavoured butter and serve with fluffy sweet potato mash', '20 MINS', '10 MINS', 2, 1),
(80, 'Japanese rice/gohan', '5c747284473bb_1551135364.jpg', 1, '2019-02-25 22:57:41', '2019-02-25 22:57:41', 0, 750, 'No Japanese meal is complete without gohan  fluffy, slightly sticky rice. Top this versatile food with pickles, spring onions, nori or katsuobushi flakes', '30 MINS', '5 MINS', 4, 1),
(81, 'Guinness & honey glazed pork loin', '5c74e60214eae_1551164930.jpg', 1, '2019-02-26 07:09:25', '2019-02-26 10:17:48', 0, 751, 'Kevin Dundon\'s Guinness-glazed pork loin is so tasty and easy to carve', '2 HRS', '10 mins', 6, 1),
(83, 'Spiced bulgur wheat with roasted peppers', '5c74edd64a1b7_1551166934.jpg', 1, '2019-02-26 07:42:56', '2019-02-26 07:42:56', 1, 750, 'This filling vegetarian salad has the spicy flavours of cumin and warming cinnamon', '4 MINS', '10 MINS', 4, 1),
(84, 'Moroccan chickpea soup', '5c74eef45a1f8_1551167220.jpg', 1, '2019-02-26 07:47:23', '2019-02-26 07:47:23', 1, 753, 'Try something different for vegetarians with Moroccan chickpea soup', '20 MINS', '5 MINS', 4, 1),
(86, 'Vietnamese veggie hotpot', '5c74f11cbdbc7_1551167772.jpg', 1, '2019-02-26 07:56:40', '2019-02-26 07:56:40', 1, 752, 'A warming supper dish that\'s aromatic without being spicy, so the kids can enjoy it too', '20 MINS', '5 MINS', 4, 1);

-- --------------------------------------------------------

--
-- Table structure for table `recipe_categories`
--

CREATE TABLE `recipe_categories` (
  `recipe_id` int(10) UNSIGNED NOT NULL,
  `categoryid` int(10) UNSIGNED NOT NULL,
  `created_at` timestamp NULL DEFAULT NULL,
  `updated_at` timestamp NULL DEFAULT NULL
) ENGINE=InnoDB DEFAULT CHARSET=latin1;

--
-- Dumping data for table `recipe_categories`
--

INSERT INTO `recipe_categories` (`recipe_id`, `categoryid`, `created_at`, `updated_at`) VALUES
(74, 104, '2019-02-23 13:07:54', '2019-02-23 13:07:54'),
(79, 110, '2019-02-25 10:49:33', '2019-02-25 10:49:33'),
(80, 44, '2019-02-25 23:01:24', '2019-02-25 23:01:24'),
(81, 104, '2019-02-26 07:13:23', '2019-02-26 07:13:23'),
(83, 21, '2019-02-26 07:46:17', '2019-02-26 07:46:17'),
(84, 110, '2019-02-26 07:51:58', '2019-02-26 07:51:58'),
(86, 8, '2019-02-26 08:01:15', '2019-02-26 08:01:15');

-- --------------------------------------------------------

--
-- Table structure for table `users`
--

CREATE TABLE `users` (
  `id` int(10) UNSIGNED NOT NULL,
  `name` varchar(191) COLLATE utf8mb4_unicode_ci NOT NULL,
  `email` varchar(191) COLLATE utf8mb4_unicode_ci NOT NULL,
  `password` varchar(191) COLLATE utf8mb4_unicode_ci NOT NULL,
  `remember_token` varchar(100) COLLATE utf8mb4_unicode_ci DEFAULT NULL,
  `created_at` timestamp NULL DEFAULT NULL,
  `updated_at` timestamp NULL DEFAULT NULL
) ENGINE=InnoDB DEFAULT CHARSET=utf8mb4 COLLATE=utf8mb4_unicode_ci;

--
-- Dumping data for table `users`
--

INSERT INTO `users` (`id`, `name`, `email`, `password`, `remember_token`, `created_at`, `updated_at`) VALUES
(1, 'Jack Churchill', 'churchillj54@gmail.com', '$2y$10$QML81G8sQf6EpW7t7BLmMevexdQZvJL75CS/Lr6BEMR/ncP1YLmOC', 'f0soqtlMB4XcJXrv8NXjt7k7A5P1Ce4VIGaMdJ2gjmsiG9Okcgmd9OJPLdW3', '2018-12-17 07:40:31', '2018-12-17 07:40:31');

-- --------------------------------------------------------

--
-- Structure for view `code_week`
--
DROP TABLE IF EXISTS `code_week`;

CREATE ALGORITHM=UNDEFINED DEFINER=`root`@`localhost` SQL SECURITY DEFINER VIEW `code_week`  AS  select `code`.`code_id` AS `code_id`,`code`.`code` AS `code`,`code`.`code_allowed` AS `code_allowed`,count(`r`.`code_id`) AS `amount` from (`code` left join `recipes` `r` on((`code`.`code_id` = `r`.`code_id`))) where (`code`.`code_allowed` between (curdate() + interval -(weekday(curdate())) day) and ((curdate() + interval -(weekday(curdate())) day) + interval 4 week)) group by `code`.`code_id`,`code`.`code_allowed`,`r`.`code_id` ;

-- --------------------------------------------------------

--
-- Structure for view `information`
--
DROP TABLE IF EXISTS `information`;

CREATE ALGORITHM=UNDEFINED DEFINER=`root`@`localhost` SQL SECURITY DEFINER VIEW `information`  AS  select `recipes`.`recipe_id` AS `recipe_id`,`recipes`.`recipe_name` AS `recipe_name`,`recipes`.`picture_location` AS `picture_location`,`recipes`.`Cooking_time` AS `length_of_time`,`recipes`.`Description` AS `description`,`recipes`.`vegetarian` AS `vegi`,`recipes`.`Preparation_time` AS `preparation_time`,`recipes`.`Serves` AS `serves`,`categories`.`categoryName` AS `categoryName`,`code`.`code` AS `code`,`code`.`code_allowed` AS `code_allowed`,`effort_level`.`difficultity` AS `difficultity` from ((((`recipes` join `code` on((`recipes`.`code_id` = `code`.`code_id`))) join `effort_level` on((`recipes`.`effort_level_id` = `effort_level`.`effort_level_id`))) join `recipe_categories` `category` on((`recipes`.`recipe_id` = `category`.`recipe_id`))) join `categories` on((`category`.`categoryid` = `categories`.`categoryid`))) ;

-- --------------------------------------------------------

--
-- Structure for view `most_popular_ingredient`
--
DROP TABLE IF EXISTS `most_popular_ingredient`;

CREATE ALGORITHM=UNDEFINED DEFINER=`root`@`localhost` SQL SECURITY DEFINER VIEW `most_popular_ingredient`  AS  select `r`.`ingredientName` AS `ingredientName`,monthname(`ingredient_recipe`.`created_at`) AS `month`,count(`ingredient_recipe`.`Ingredient_id`) AS `number_of_times` from (`ingredient_recipe` join `ingredients` `r` on((`ingredient_recipe`.`Ingredient_id` = `r`.`Ingredient_id`))) where ((year(`ingredient_recipe`.`created_at`) = year(curdate())) and (month(`ingredient_recipe`.`created_at`) = month(curdate()))) group by `ingredient_recipe`.`created_at`,`r`.`ingredientName`,date_format(`ingredient_recipe`.`created_at`,'%Y%m') order by count(`ingredient_recipe`.`Ingredient_id`) desc limit 1 ;

--
-- Indexes for dumped tables
--

--
-- Indexes for table `categories`
--
ALTER TABLE `categories`
  ADD PRIMARY KEY (`categoryid`);

--
-- Indexes for table `code`
--
ALTER TABLE `code`
  ADD PRIMARY KEY (`code_id`);

--
-- Indexes for table `effort_level`
--
ALTER TABLE `effort_level`
  ADD PRIMARY KEY (`effort_level_id`);

--
-- Indexes for table `ingredients`
--
ALTER TABLE `ingredients`
  ADD PRIMARY KEY (`Ingredient_id`);

--
-- Indexes for table `ingredient_recipe`
--
ALTER TABLE `ingredient_recipe`
  ADD PRIMARY KEY (`ingredient_recipe_id`),
  ADD KEY `fk_repCat11` (`recipe_id`),
  ADD KEY `fk_Incat1111` (`Ingredient_id`);

--
-- Indexes for table `method`
--
ALTER TABLE `method`
  ADD PRIMARY KEY (`method_id`),
  ADD KEY `fk_method` (`recipe_id`);

--
-- Indexes for table `migrations`
--
ALTER TABLE `migrations`
  ADD PRIMARY KEY (`id`);

--
-- Indexes for table `nutrition`
--
ALTER TABLE `nutrition`
  ADD PRIMARY KEY (`nutrition_id`),
  ADD KEY `nutrition_recipes_recipe_id_fk` (`recipe_id`);

--
-- Indexes for table `password_resets`
--
ALTER TABLE `password_resets`
  ADD KEY `password_resets_email_index` (`email`);

--
-- Indexes for table `recipes`
--
ALTER TABLE `recipes`
  ADD PRIMARY KEY (`recipe_id`),
  ADD KEY `fk_recipe_user` (`id`),
  ADD KEY `recipes___fk_code` (`code_id`),
  ADD KEY `fk_recipe_effort` (`effort_level_id`);

--
-- Indexes for table `recipe_categories`
--
ALTER TABLE `recipe_categories`
  ADD PRIMARY KEY (`recipe_id`,`categoryid`),
  ADD KEY `fk_Incatt` (`categoryid`);

--
-- Indexes for table `users`
--
ALTER TABLE `users`
  ADD PRIMARY KEY (`id`),
  ADD UNIQUE KEY `users_email_unique` (`email`);

--
-- AUTO_INCREMENT for dumped tables
--

--
-- AUTO_INCREMENT for table `categories`
--
ALTER TABLE `categories`
  MODIFY `categoryid` int(10) UNSIGNED NOT NULL AUTO_INCREMENT, AUTO_INCREMENT=113;

--
-- AUTO_INCREMENT for table `code`
--
ALTER TABLE `code`
  MODIFY `code_id` int(10) UNSIGNED NOT NULL AUTO_INCREMENT, AUTO_INCREMENT=1106;

--
-- AUTO_INCREMENT for table `effort_level`
--
ALTER TABLE `effort_level`
  MODIFY `effort_level_id` int(10) UNSIGNED NOT NULL AUTO_INCREMENT, AUTO_INCREMENT=4;

--
-- AUTO_INCREMENT for table `ingredients`
--
ALTER TABLE `ingredients`
  MODIFY `Ingredient_id` int(10) UNSIGNED NOT NULL AUTO_INCREMENT, AUTO_INCREMENT=478;

--
-- AUTO_INCREMENT for table `ingredient_recipe`
--
ALTER TABLE `ingredient_recipe`
  MODIFY `ingredient_recipe_id` int(10) UNSIGNED NOT NULL AUTO_INCREMENT, AUTO_INCREMENT=158;

--
-- AUTO_INCREMENT for table `method`
--
ALTER TABLE `method`
  MODIFY `method_id` int(10) UNSIGNED NOT NULL AUTO_INCREMENT, AUTO_INCREMENT=197;

--
-- AUTO_INCREMENT for table `migrations`
--
ALTER TABLE `migrations`
  MODIFY `id` int(10) UNSIGNED NOT NULL AUTO_INCREMENT, AUTO_INCREMENT=56;

--
-- AUTO_INCREMENT for table `nutrition`
--
ALTER TABLE `nutrition`
  MODIFY `nutrition_id` int(11) NOT NULL AUTO_INCREMENT, AUTO_INCREMENT=19;

--
-- AUTO_INCREMENT for table `recipes`
--
ALTER TABLE `recipes`
  MODIFY `recipe_id` int(10) UNSIGNED NOT NULL AUTO_INCREMENT, AUTO_INCREMENT=87;

--
-- AUTO_INCREMENT for table `users`
--
ALTER TABLE `users`
  MODIFY `id` int(10) UNSIGNED NOT NULL AUTO_INCREMENT, AUTO_INCREMENT=2;

--
-- Constraints for dumped tables
--

--
-- Constraints for table `ingredient_recipe`
--
ALTER TABLE `ingredient_recipe`
  ADD CONSTRAINT `fk_Incat1111` FOREIGN KEY (`Ingredient_id`) REFERENCES `ingredients` (`Ingredient_id`) ON DELETE CASCADE ON UPDATE CASCADE,
  ADD CONSTRAINT `fk_repCat11` FOREIGN KEY (`recipe_id`) REFERENCES `recipes` (`recipe_id`) ON DELETE CASCADE ON UPDATE CASCADE;

--
-- Constraints for table `method`
--
ALTER TABLE `method`
  ADD CONSTRAINT `fk_method` FOREIGN KEY (`recipe_id`) REFERENCES `recipes` (`recipe_id`) ON DELETE CASCADE ON UPDATE CASCADE;

--
-- Constraints for table `nutrition`
--
ALTER TABLE `nutrition`
  ADD CONSTRAINT `nutrition_recipes_recipe_id_fk` FOREIGN KEY (`recipe_id`) REFERENCES `recipes` (`recipe_id`) ON DELETE CASCADE ON UPDATE CASCADE;

--
-- Constraints for table `recipes`
--
ALTER TABLE `recipes`
  ADD CONSTRAINT `fk_recipe_effort` FOREIGN KEY (`effort_level_id`) REFERENCES `effort_level` (`effort_level_id`) ON UPDATE CASCADE,
  ADD CONSTRAINT `fk_recipe_user` FOREIGN KEY (`id`) REFERENCES `users` (`id`) ON UPDATE CASCADE,
  ADD CONSTRAINT `recipes___fk_code` FOREIGN KEY (`code_id`) REFERENCES `code` (`code_id`) ON UPDATE CASCADE;

--
-- Constraints for table `recipe_categories`
--
ALTER TABLE `recipe_categories`
  ADD CONSTRAINT `fk_Incatt` FOREIGN KEY (`categoryid`) REFERENCES `categories` (`categoryid`) ON DELETE CASCADE ON UPDATE CASCADE,
  ADD CONSTRAINT `fk_repCatt` FOREIGN KEY (`recipe_id`) REFERENCES `recipes` (`recipe_id`) ON DELETE CASCADE ON UPDATE CASCADE;
COMMIT;

/*!40101 SET CHARACTER_SET_CLIENT=@OLD_CHARACTER_SET_CLIENT */;
/*!40101 SET CHARACTER_SET_RESULTS=@OLD_CHARACTER_SET_RESULTS */;
/*!40101 SET COLLATION_CONNECTION=@OLD_COLLATION_CONNECTION */;


